"name","scale","nChao","iChao_est","iChao_lower","iChao_upper","observedRichness","level","niNEXT","iNEXT_est","iNEXT_lower","iNEXT_upper","iNEXT_increasePercent","iNEXT_increase","iChao_increasePercent","iChao_increase"
"British Indian Ocean Territory","Country",4,1,1,1.276,1,"Country",4,1,1,1,0,0,0,0
"Saint Helena","Country",3,1,1,1.464,1,"Country",3,1,1,1,0,0,0,0
"Antigua and Barbuda","Country",15,3,3,3.503,3,"Country",15,3,2.663970823052823,3.336029176947177,0,0,0,0
"Aruba","Country",24,2,2,3.595,2,"Country",24,2,1.081360214421565,2.918639785578435,0,0,0,0
"Bahrain","Country",16,4.470000000000001,4.0275,11.759,4,"Country",16,4.465144230769231,2.5005782085702974,6.841950484622798,11.62860576923077,0.46514423076923084,11.750000000000016,0.47000000000000064
"Cook Islands","Country",12,4.29,4.0225,8.292,4,"Country",12,4.227272727272727,2.246489148343728,6.208056306201726,5.681818181818166,0.22727272727272663,7.250000000000001,0.29000000000000004
"Saint Martin","Country",20,5,5,5.918,5,"Country",20,5,4.085269457694162,5.914730542305838,0,0,0,0
"Cayman Islands","Country",8.5,5.1625,4.1419999999999995,17.7055,4,"Country",8.5,5.102272727272727,1.6320670993162127,8.493391131156642,27.556818181818166,1.1022727272727266,29.062499999999993,1.1624999999999996
"São Tomé","Country",34,8.807,7.218999999999999,21.067,7,"Country",34,8.556722689075631,5.492506499822496,12.91756595910889,22.23889555822329,1.556722689075631,25.814285714285724,1.8070000000000004
"Saint Pierre and Miquelon","Country",19.5,7.75,7.33,9.5395,7,"Country",19.5,7,4.561021555244633,9.438978444755367,0,0,10.71428571428572,0.75
"Bermuda","Country",63,9.6455,7.3100000000000005,28.988500000000002,7,"Country",63,9.458333333333332,5.278098374459719,13.529090312191737,35.119047619047606,2.458333333333332,37.79285714285714,2.6455
"Kuwait","Country",485,9,9,10.428,9,"Country",485,9,7.8709281241321,10.171422705700916,0,0,0,0
"Faroe Islands","Country",9,7.333,6.152,17.707,6,"Country",9,7.333333333333333,0.8491998681945341,13.529863058839458,22.22222222222221,1.333333333333333,22.21666666666666,1.3330000000000002
"Qatar","Country",26.5,10.368,8.404,19.944,8,"Country",26.5,9.935483870967742,4.108885043053547,15.426308974308588,24.193548387096776,1.935483870967742,29.600000000000005,2.3680000000000003
"Palau","Country",33,16.133,12.152000000000001,35.242000000000004,11,"Country",33,15.133158289572393,4.151803968308751,27.438978739545203,37.57416626883994,4.133158289572393,46.66363636363635,5.132999999999999
"Guinea-Bissau","Country",40,17.552500000000002,13.8735,37.277,13,"Country",40,17.24,6.281547134525319,28.786506158014404,32.6153846153846,4.239999999999998,35.01923076923079,4.552500000000002
"Martinique","Country",412,20.5295,17.599,32.826,17,"Country",412,20.07619244067264,10.915643294760546,28.776168505684772,18.09524965101552,3.0761924406726386,20.761764705882335,3.5294999999999987
"Montserrat","Country",57.5,26.0355,19.002,62.342,17,"Country",57.5,25.351602276130578,7.115807010893377,45.11076391955588,49.12707221253281,8.351602276130578,53.149999999999984,9.035499999999999
"Macao","Country",191.5,20.880000000000003,19.534,25.3445,19,"Country",191.5,20.553170071015447,11.622572355036281,29.458038670348664,8.174579321133923,1.5531700710154475,9.894736842105267,1.8800000000000026
"Guam","Country",168,16.0945,11.659500000000001,48.171499999999995,11,"Country",168,15.469552359188063,7.199143481222715,25.951743799092753,40.63229417443692,4.469552359188063,46.31363636363637,5.0945
"Timor-Leste","Country",191.5,21.0375,19.3365,32.876999999999995,19,"Country",191.5,20.741011546250757,13.37989036877326,28.590097510384766,9.163218664477668,1.741011546250757,10.723684210526319,2.0375000000000014
"Vanuatu","Country",47,23.07,19.987000000000002,31.423000000000002,18,"Country",47,22.396428571428572,6.968952381056404,39.52542712203491,24.424603174603178,4.396428571428572,28.16666666666667,5.07
"Sint Maarten","Country",88.5,18.0165,13.9205,41.667,13,"Country",88.5,17.207567432567433,7.8716312786461735,27.92324595286923,32.3659033274418,4.2075674325674335,38.58846153846154,5.016500000000001
"Grenada","Country",25,25.705,17.52,58.9815,14,"Country",25,25.033793103448275,0,50.711493343093835,78.81280788177338,11.033793103448275,83.60714285714283,11.704999999999998
"Mauritius","Country",69,24.085,19.755499999999998,40.1345,18,"Country",69,23.053555129609347,7.956034053829108,40.96481958479316,28.07530627560748,5.053555129609347,33.80555555555556,6.085000000000001
"Samoa","Country",38,27.8365,23.137500000000003,42.0655,19,"Country",38,26.98382509303562,5.790801545851497,50.07263099535778,42.02013206860853,7.98382509303562,46.50789473684212,8.836500000000001
"N. Mariana","Country",167.5,19.219,14.7375,54.707499999999996,14,"Country",167.5,19.218782027969716,10.57587143956558,27.355738328777502,37.277014485497986,5.218782027969716,37.278571428571425,5.219000000000001
"Monaco","Country",13.5,11.571,6.8945,42.4105,6,"Country",13.5,11.571428571428571,3.3257300923808617,20.23994524079354,92.85714285714286,5.571428571428571,92.85,5.571
"Comoros","Country",212,27.695500000000003,22.526,51.105999999999995,21,"Country",212,27.219426766717326,12.685679470621654,44.06644061226858,29.61631793674917,6.219426766717326,31.883333333333354,6.695500000000003
"French Polynesia","Country",255,25.849,19.2085,55.909,18,"Country",255,25.099139504727376,10.549915285479745,38.92449248236174,39.43966391515208,7.0991395047273755,43.60555555555556,7.849
"Anguilla","Country",88,34.1845,27.689,50.7,24,"Country",88,33.25925539977264,11.01602797689872,58.9726338959483,38.580230832386,9.259255399772641,42.43541666666666,10.1845
"Cabo Verde","Country",161,27.238500000000002,24.110500000000002,40.289,23,"Country",161,27.14014559540506,8.800216173776805,45.4249794183768,18.000633023500257,4.140145595405059,18.428260869565214,4.238500000000002
"Barbados","Country",41.5,16.8595,10.3265,62.273,9,"Country",41.5,16.826967326277035,6.149200333233294,29.530403945070095,86.9663036253004,7.826967326277035,87.32777777777778,7.859500000000001
"Saint Lucia","Country",100,51.053,40.509,81.25649999999999,32,"Country",100,48.65292207792208,19.35204888115645,72.95652454412192,52.040381493506494,16.652922077922078,59.54062499999999,19.052999999999997
"Bangladesh","Country",201,38.084500000000006,31.684,56.474999999999994,27,"Country",201,36.109044053819446,10.959814521317773,60.88067944941808,33.737200199331284,9.109044053819446,41.05370370370372,11.084500000000006
"Fiji","Country",1222,39.8015,34.028000000000006,76.12899999999999,33,"Country",1222,39.24536450232209,24.95525380117057,52.501276792272975,18.925346976733604,6.24536450232209,20.610606060606052,6.801499999999997
"Seychelles","Country",188,46.650999999999996,40.6545,67.2745,38,"Country",188,45.911258972241626,25.968019370279574,65.32229463899402,20.819102558530588,7.911258972241626,22.765789473684194,8.650999999999996
"New Zealand","Country",13457.5,48.75,46.587,58.707,46,"Country",13457.5,48.24983267495283,39.25352692046113,56.978143473925265,4.890940597723548,2.2498326749528275,5.978260869565211,2.75
"eSwatini","Country",165.5,37.4345,28.164499999999997,73.8755,24,"Country",165.5,36.01593631111737,3.6361545382534146,71.58713835148635,50.06640129632238,12.015936311117372,55.97708333333333,13.4345
"Dominica","Country",283.5,59.795,41.284000000000006,125.6155,34,"Country",283.5,58.05511516215658,22.110486347676222,97.22086623556827,70.75033871222524,24.055115162156582,75.86764705882354,25.795
"Bahamas","Country",545.5,65.038,55.6075,85.7625,48,"Country",545.5,61.78757946202241,35.4746412122135,87.4574485908382,28.724123879213348,13.787579462022407,35.49583333333332,17.037999999999997
"Rwanda","Country",272,68.16499999999999,57.454,95.63,51,"Country",272,66.37096395305514,41.82423403246365,90.54066399069414,30.139145005990464,15.370963953055139,33.656862745098024,17.164999999999992
"Gambia","Country",434.5,70.9785,59.454,103.1235,53,"Country",434.5,70.3672268907563,34.42886854620078,95.29134933259675,32.7683526240685,17.3672268907563,33.92169811320753,17.978499999999997
"SV & Grenadines","Country",325.5,64.3015,55.192499999999995,83.3345,48,"Country",325.5,62.08117884250475,37.870936015698916,87.7646315554592,29.335789255218224,14.081178842504748,33.96145833333335,16.301500000000004
"Brunei Darussalam","Country",224,70.96799999999999,59.8575,102.0295,49,"Country",224,67.40546662338699,41.31764534715352,99.85941038921436,37.56217678242242,18.405466623386985,44.83265306122446,21.96799999999999
"Andorra","Country",149.5,74.68549999999999,66.9245,87.4985,55,"Country",149.5,71.21317677410235,47.58310793019669,94.00919669405471,29.47850322564063,16.21317677410235,35.79181818181816,19.68549999999999
"Greenland","Country",400,89.5905,73.89750000000001,124.2625,61,"Country",400,85.01502851772328,55.678715678092544,111.7383714781192,39.36889920938243,24.01502851772328,46.869672131147546,28.590500000000006
"Bhutan","Country",648,79.997,67.6485,108.202,60,"Country",648,77.3809097522991,48.872391739812954,106.6386436303611,28.9681829204985,17.380909752299104,33.32833333333334,19.997
"Burkina Faso","Country",37136,76.8925,71.0195,100.697,69,"Country",37136,76.12480815656538,55.98327930701471,96.1600604338659,10.325808922558522,7.124808156565379,11.438405797101447,7.892499999999998
"Isle of Man","Country",2995.5,72.8915,67.94999999999999,92.409,66,"Country",2995.5,72.06048450260664,59.445291428492084,87.0926139556141,9.182552276676725,6.060484502606641,10.44166666666666,6.8914999999999935
"Puerto Rico","Country",1695,83.07900000000001,76.8965,100.3575,71,"Country",1695,81.71970305266204,61.50594106697588,100.22519385944669,15.098173313608498,10.719703052662041,17.01267605633805,12.079000000000008
"Cambodia","Country",608.5,88.8845,79.54249999999999,111.4625,70,"Country",608.5,86.00918369860507,63.319835036467424,111.2025096871974,22.87026242657868,16.00918369860507,26.977857142857143,18.884500000000003
"Dominican Republic","Country",1136.5,84.2765,76.524,102.488,71,"Country",1136.5,82.13248303115572,64.0536491856722,100.00056411225617,15.679553565008053,11.132483031155715,18.699295774647883,13.276499999999999
"Haiti","Country",479.5,85.67500000000001,67.736,122.25450000000001,50,"Country",479.5,78.6681693483514,46.41122290320233,120.96533570828875,57.3363386967028,28.668169348351398,71.35000000000002,35.67500000000001
"Jamaica","Country",835,77.534,62.931,113.5265,53,"Country",835,74.66788291846873,34.45918830186443,117.85089210917613,40.88279795937497,21.667882918468734,46.29056603773587,24.534000000000006
"Niger","Country",99.5,82.46799999999999,68.649,116.105,59,"Country",99.5,82.4681524122807,57.3932820077033,114.62683468492824,39.77652951234016,23.468152412280702,39.77627118644067,23.46799999999999
"CAR","Country",451.5,111.57900000000001,102.9175,128.0335,89,"Country",451.5,107.93879426840549,84.64257150489212,129.26672927941064,21.27954412180393,18.938794268405488,25.369662921348322,22.579000000000008
"New Caledonia","Country",1498,105.46549999999999,96.069,125.3965,88,"Country",1498,103.24343227064611,81.84911945823316,125.58402210446462,17.322082125734205,15.24343227064611,19.847159090909084,17.46549999999999
"Mali","Country",86,86.619,72.309,119.036,61,"Country",86,86.6186046511628,60.12834585318751,114.25558486198008,41.99771254288984,25.618604651162798,41.9983606557377,25.619
"Yemen","Country",366,115.99950000000001,105.8765,133.06599999999997,91,"Country",366,111.69496883159965,89.64825047076027,135.53253989343295,22.741723990768858,20.694968831599653,27.47197802197803,24.999500000000012
"Malta","Country",758.5,120.2255,111.3245,135.46800000000002,99,"Country",758.5,116.5372255524421,97.58551349341698,135.26661959235304,17.714369244891003,17.537225552442095,21.439898989898975,21.225499999999997
"Sierra Leone","Country",192,127.6105,113.6455,147.803,87,"Country",192,120.0820424723733,93.27529539771959,148.81916096738112,38.025336175141724,33.0820424723733,46.67873563218392,40.6105
"Solomon Islands","Country",716,176.902,73.1815,430.29449999999997,46,"Country",716,168.96423702028108,29.179897541320017,314.1665359792973,267.31355873974144,122.96423702028108,284.5695652173913,130.902
"Ireland","Country",36172,117.906,111.43799999999999,153.639,110,"Country",36172,117.62478898010218,101.00122335893738,135.36840149767318,6.931626345547448,7.624788980102181,7.187272727272731,7.906000000000006
"Cuba","Country",1968.5,132.56349999999998,123.102,148.69400000000002,111,"Country",1968.5,128.51175402418386,104.86311327237175,152.28024351176174,15.776354976742212,17.51175402418386,19.426576576576558,21.563499999999976
"Ghana","Country",509.5,132.262,120.11449999999999,160.625,101,"Country",509.5,128.15164027644124,100.7271029016773,153.53066693041896,26.88281215489232,27.151640276441242,30.95247524752476,31.262
"Somalia","Country",124.5,113.762,92.389,161.4175,75,"Country",124.5,113.76224177868914,80.33617668180499,145.96265427852114,51.68298903825219,38.762241778689145,51.68266666666668,38.762
"Hong Kong","Country",2473,62.964,46.892,131.846,42,"Country",2473,62.24181156490093,25.087661003764463,99.3959621260374,48.194789440240314,20.241811564900928,49.91428571428571,20.964
"Uruguay","Country",1446.5,142.11149999999998,113.524,188.2715,87,"Country",1446.5,131.33036616074773,85.3481945634798,172.0934365205117,50.95444386292842,44.33036616074773,63.3465517241379,55.11149999999998
"Togo","Country",102.5,115.6555,94.7575,158.662,75,"Country",102.5,115.6559097749132,81.10940482756553,150.1017805651142,54.20787969988425,40.6559097749132,54.20733333333334,40.6555
"UAE","Country",1800.5,126.892,116.3365,145.312,106,"Country",1800.5,123.22057306572557,101.41134741920558,145.80842322743052,16.245823646910917,17.220573065725574,19.709433962264143,20.891999999999996
"Oman","Country",513,135.53300000000002,126.831,149.659,111,"Country",513,131.1977930311159,109.26646234371381,154.4792960643323,18.196209937942264,20.197793031115907,22.101801801801813,24.533000000000015
"Singapore","Country",4323.5,139.935,129.495,160.69400000000002,119,"Country",4323.5,136.5166597189138,114.90242604660622,157.4816356399462,14.719882116734272,17.516659718913786,17.592436974789916,20.935000000000002
"Guernsey","Country",744.5,150.6125,134.73149999999998,179.50900000000001,112,"Country",744.5,144.2003874663073,113.97729934476007,175.1454781719525,28.750345952060073,32.20038746630729,34.47544642857143,38.61250000000001
"Iraq","Country",343,142.98,129.687,161.5195,107,"Country",343,136.37324076540074,110.54246790372636,159.54580722834487,27.451626883552095,29.373240765400737,33.62616822429905,35.97999999999999
"Saudi Arabia","Country",1496.5,150.228,138.917,179.5735,122,"Country",1496.5,146.58036219785532,122.82570571912063,170.01136043777336,20.14783786709453,24.580362197855322,23.137704918032796,28.22800000000001
"Lesotho","Country",1638,137.0035,125.9845,158.261,114,"Country",1638,135.4278113748557,112.11957289578297,158.77732696736769,18.796325767417276,21.427811374855708,20.178508771929838,23.003500000000003
"Lao","Country",732.5,162.534,145.03300000000002,192.265,118,"Country",732.5,154.38709927032036,123.52382325554782,184.27492732122562,30.836524805356234,36.38709927032036,37.7406779661017,44.53399999999999
"Vietnam","Country",1328,164.024,146.216,194.2335,118,"Country",1328,155.70497467536916,122.60735282641302,191.6983663719498,31.9533683689569,37.70497467536916,39.00338983050848,46.024
"Cyprus","Country",1252,154.59,150.058,161.671,142,"Country",1252,152.07259352777493,133.81808900704885,170.327098048501,7.093375723785167,10.072593527774927,8.8661971830986,12.590000000000003
"Moldova","Country",279,169.244,151.9895,193.67000000000002,114,"Country",279,158.92228217483034,130.74159378471012,189.79814353980873,39.40551067967575,44.92228217483034,48.45964912280702,55.244
"Rep. Congo","Country",1008.5,157.9975,141.1565,187.732,119,"Country",1008.5,152.27057871174847,125.1492445303309,182.74939644578916,27.95846950567098,33.27057871174847,32.77100840336136,38.9975
"Jersey","Country",1895,177.385,150.5795,227.55,120,"Country",1895,168.84539037832627,126.20598140014988,205.16133739649996,40.70449198193855,48.84539037832627,47.82083333333333,57.38499999999999
"Burundi","Country",116,144.6535,116.7385,198.774,87,"Country",116,144.6536829112916,100.000529599585,182.48364443619775,66.26860104746162,57.65368291129161,66.26839080459771,57.65350000000001
"Trinidad and Tobago","Country",2376.5,170.17849999999999,149.6945,208.413,126,"Country",2376.5,162.43535535215364,126.62212704928655,200.6698702829208,28.916948692185418,36.435355352153636,35.06230158730157,44.178499999999985
"El Salvador","Country",1932,159.95049999999998,142.9235,199.96800000000002,121,"Country",1932,155.44225444675172,122.30966099644186,187.7317328971136,28.464673096489012,34.44225444675172,32.19049586776856,38.95049999999998
"Liberia","Country",280.5,170.4275,149.663,202.063,110,"Country",280.5,160.37838786213786,129.67839168394292,196.26506664163196,45.798534420125314,50.378387862137856,54.93409090909091,60.42750000000001
"Sri Lanka","Country",3985.5,184.35899999999998,167.29399999999998,215.045,142,"Country",3985.5,177.3021639524128,146.96748452561644,205.2037378909189,24.860678839727314,35.3021639524128,29.830281690140836,42.35899999999998
"Senegal","Country",595.5,196.4835,178.947,222.59699999999998,143,"Country",595.5,187.08927836287603,158.46713894110437,215.71141778464767,30.8316631908224,44.08927836287603,37.40104895104894,53.48349999999999
"Suriname","Country",1015.5,197.661,179.978,227.32150000000001,148,"Country",1015.5,190.24184790450641,157.38592717978963,220.58771193473973,28.541789124666494,42.241847904506415,33.55472972972973,49.661
"Botswana","Country",1285,201.60649999999998,185.6725,223.43099999999998,154,"Country",1285,192.82071143389226,162.5185222557932,222.42900416302248,25.20825417785211,38.82071143389226,30.913311688311683,47.60649999999998
"Belize","Country",3103,193.974,181.8925,214.762,163,"Country",3103,188.59183527019752,163.94470194569197,217.30871524418882,15.700512435704006,25.59183527019752,19.00245398773006,30.97399999999999
"Gabon","Country",1515.5,213.5045,200.7055,233.6895,175,"Country",1515.5,206.21540033062794,179.8633762296048,233.58952083887897,17.837371617501674,31.215400330627944,22.00257142857143,38.50450000000001
"Nigeria","Country",1998.5,238.7955,219.8045,268.5435,185,"Country",1998.5,230.074132827028,199.75822116686942,259.4272493863946,24.364396122717835,45.074132827027995,29.07864864864864,53.795500000000004
"Sudan","Country",288.5,234.3385,216.96800000000002,256.5105,154,"Country",288.5,218.33505194322925,183.41146098741376,257.0147139832611,41.77600775534367,64.33505194322925,52.167857142857144,80.33850000000001
"Nicaragua","Country",3662.5,224.98250000000002,208.9775,247.611,180,"Country",3662.5,216.1617316634634,187.1252259442332,245.0045750479481,20.089850924146326,36.1617316634634,24.99027777777778,44.982500000000016
"Nepal","Country",3230,239.86599999999999,220.913,281.726,190,"Country",3230,234.22313509899283,202.02112296939043,264.8524454871648,23.2753342626278,44.22313509899283,26.245263157894726,49.865999999999985
"Taiwan","Country",5071,227.865,205.2835,267.4275,176,"Country",5071,220.4284975934138,186.27657623261194,253.3860975938453,25.243464541712378,44.428497593413795,29.46875,51.86500000000001
"French Guiana","Country",1769.5,273.42499999999995,249.399,311.3945,208,"Country",1769.5,263.7372466739972,232.03880132707803,295.906520949147,26.79675320865251,55.73724667399722,31.454326923076902,65.42499999999995
"Ethiopia","Country",3773.5,289.284,263.214,334.9665,220,"Country",3773.5,280.2988443699122,243.46596116406957,318.5296368622803,27.408565622687362,60.29884436991222,31.492727272727272,69.28399999999999
"Finland","Country",183075,271.29949999999997,266.49,286.476,263,"Country",183075,270.361702219165,252.36209999238685,288.48093209611545,2.799126319074152,7.361702219165011,3.1557034220532243,8.299499999999966
"Madagascar","Country",4776,277.16700000000003,260.501,299.66549999999995,226,"Country",4776,267.0134084292722,238.92563590849653,294.80257519714945,18.147525853660262,41.013408429272204,22.640265486725685,51.16700000000003
"Montenegro","Country",1407,300.7565,269.0465,345.016,205,"Country",1407,283.7839259658175,240.6836548272113,329.54145934744304,38.43118339795977,78.7839259658175,46.710487804878056,95.75650000000002
"Republic of Korea","Country",11649.5,278.54150000000004,256.8665,313.9415,226,"Country",11649.5,271.22971624894103,237.88689218352937,301.52233495823,20.013148782717273,45.22971624894103,23.24845132743365,52.54150000000004
"United Kingdom","Country",567684,292.0575,272.0245,349.96,263,"Country",567684,289.3124536417353,249.61555205625572,325.215816174514,10.004735224994409,26.312453641735317,11.048479087452478,29.057500000000005
"Albania","Country",3982,321.26,297.586,356.5905,249,"Country",3982,309.0253233983733,270.9546567811747,345.50683241180775,24.106555581676027,60.0253233983733,29.020080321285135,72.25999999999999
"Norway","Country",136903.5,282.80150000000003,264.3455,336.506,251,"Country",136903.5,278.5622988291153,245.90863028894773,312.5991650425566,10.980995549448336,27.56229882911532,12.669920318725115,31.801500000000033
"Uganda","Country",1968,324.672,296.6095,370.071,235,"Country",1968,311.43113432560574,272.2213203341548,354.37275476713415,32.52388694706627,76.43113432560574,38.15829787234044,89.67200000000003
"Bosnia","Country",1875,326.5295,302.66700000000003,360.104,244,"Country",1875,311.1259564703558,272.7006407185844,349.5512722221272,27.510637897686795,67.12595647035579,33.82356557377049,82.52949999999998
"Estonia","Country",55993,309.4015,304.47,319.046,299,"Country",55993,307.5934362770671,293.02378044183337,321.4726878340683,2.874058955540826,8.593436277067099,3.478762541806013,10.401499999999999
"Malawi","Country",3737.5,324.0125,298.014,364.123,250,"Country",3737.5,313.5269433643422,278.9288814609149,347.3208735731032,25.410777345736868,63.52694336434217,29.604999999999993,74.01249999999999
"Myanmar","Country",1638,308.3375,276.8175,354.6295,215,"Country",1638,293.200429504754,251.3045468557616,334.0503097265405,36.37229279290886,78.20042950475403,43.41279069767441,93.33749999999998
"Mozambique","Country",1173.5,328.201,294.49649999999997,377.0345,219,"Country",1173.5,314.0927258271961,267.0943533710213,360.16769708702736,43.42133599415347,95.09272582719609,49.863470319634715,109.20100000000002
"Papua New Guinea","Country",3199.5,334.80100000000004,308.53,375.99649999999997,254,"Country",3199.5,321.7523651426787,282.81913500067043,362.39916621223006,26.674159504991614,67.75236514267868,31.811417322834657,80.80100000000004
"Sweden","Country",354605.5,316.292,311.18100000000004,333.4585,309,"Country",354605.5,315.7708142433112,297.6346653942474,333.0833641770439,2.191202020489058,6.770814243311179,2.3598705501618022,7.291999999999973
"Denmark","Country",19006,325.94550000000004,315.4045,343.233,298,"Country",19006,320.6952168425029,300.3544549577391,342.5331797008877,7.6158445780210915,22.695216842502873,9.377684563758404,27.945500000000038
"Cameroon","Country",3191.5,364.89549999999997,331.116,412.937,261,"Country",3191.5,345.2299807422785,302.007843386687,390.31952342014154,32.27202327290364,84.22998074227849,39.80670498084291,103.89549999999997
"Macedonia","Country",89,120.438,57.27,335.5,31,"Country",89,102.43820224719101,11.517446968841895,193.35895752554012,230.44581370061618,71.43820224719101,288.50967741935483,89.438
"Benin","Country",266,386.18,123.893,1103.655,47,"Country",266,372.4926770249618,58.34591730223599,725.8769165284564,692.5376106914081,325.4926770249618,721.6595744680852,339.18
"Zambia","Country",1382,329.50649999999996,301.6585,367.2285,227,"Country",1382,311.2118925208432,267.3691514727208,354.3873748699724,37.09775000918203,84.21189252084321,45.15704845814976,102.50649999999996
"Thailand","Country",11423,348.9455,325.5425,386.408,285,"Country",11423,338.3511045032421,303.68904514018357,373.9637017095481,18.71968579061125,53.351104503242084,22.43701754385965,63.94549999999998
"Angola","Country",2434.5,326.3685,278.83500000000004,402.2315,188,"Country",2434.5,305.7973872280868,253.03804224947444,361.221187186324,62.65818469579085,117.79738722808679,73.6002659574468,138.36849999999998
"Honduras","Country",3385.5,351.8175,312.57500000000005,414.33000000000004,231,"Country",3385.5,332.9820710286274,279.50400509146425,384.286924397382,44.14808269637549,101.98207102862739,52.30194805194805,120.8175
"Latvia","Country",3275.5,407.611,376.849,450.23,297,"Country",3275.5,387.11349791789615,342.9596607769829,431.2673350588094,30.34124509020073,90.11349791789615,37.24276094276093,110.61099999999999
"Malaysia","Country",5745,385.95849999999996,359.4785,422.4095,294,"Country",5745,368.37862034223315,328.9844687041624,407.7727719803039,25.298850456541878,74.37862034223315,31.278401360544205,91.95849999999996
"Belarus","Country",4876.5,407.31,386.877,435.96299999999997,333,"Country",4876.5,393.07793964530356,357.16917612263876,428.98670316796836,18.041423316907967,60.07793964530356,22.31531531531532,74.31
"Luxembourg","Country",12101.5,399.9275,384.329,422.106,353,"Country",12101.5,390.8896843234436,362.3739252774067,421.9664992668669,10.733621621372125,37.88968432344359,13.293909348441924,46.92750000000001
"Guyana","Country",2319,392.54600000000005,347.3845,459.54499999999996,260,"Country",2319,374.8786562520112,318.39450731047674,429.3085044632978,44.184098558465834,114.87865625201118,50.97923076923079,132.54600000000005
"Libya","Country",707,397.43399999999997,376.67600000000004,422.603,287,"Country",707,376.8050063948116,334.28455755122644,418.430417505949,31.29094299470787,89.80500639481158,38.4787456445993,110.43399999999997
"Afghanistan","Country",2359,411.605,382.601,448.15,305,"Country",2359,391.08785344299497,350.4556802068897,435.4707845197771,28.225525719014755,86.08785344299497,34.952459016393455,106.60500000000002
"Lithuania","Country",5223.5,443.9625,412.8225,486.14549999999997,334,"Country",5223.5,424.85605518189107,382.463790738132,467.75472832998844,27.202411731105116,90.85605518189107,32.922904191616766,109.96249999999998
"Netherlands","Country",491950,419.764,405.411,447.39549999999997,386,"Country",491950,414.1249428423934,389.6710310902382,439.11525119543705,7.286254622381705,28.12494284239341,8.74715025906736,33.76400000000001
"Philippines","Country",3156,407.4605,357.9525,487.081,247,"Country",3156,384.6239385141339,317.13553147322983,452.44323885730796,55.71819373041858,137.6239385141339,64.96376518218625,160.46050000000002
"Pakistan","Country",4878.5,444.9705,421.6145,477.66949999999997,354,"Country",4878.5,428.602469568623,390.2706006324667,468.7638613813566,21.074143945938694,74.60246956862301,25.697881355932207,90.97050000000002
"Japan","Country",27847.5,474.89549999999997,453.57399999999996,507.618,414,"Country",27847.5,464.22371443612883,428.51928907909365,496.0177417623603,12.131331989403105,50.22371443612883,14.709057971014495,60.89549999999997
"Palestine","Country",2158.5,476.57,448.2165,513.737,357,"Country",2158.5,454.24553693046556,410.8519422758227,497.63913158510843,27.23964619900996,97.24553693046556,33.49299719887955,119.57
"Mongolia","Country",2292,473.09349999999995,446.899,507.565,364,"Country",2292,453.34688894041557,412.55768037515907,495.0606171726524,24.545848610004285,89.34688894041557,29.970741758241747,109.09349999999995
"Belgium","Country",422701.5,455.163,442.274,476.7085,423,"Country",422701.5,448.7429946739187,424.6338463046704,473.74818596325724,6.085814343716001,25.7429946739187,7.603546099290792,32.16300000000001
"Venezuela","Country",5808.5,491.706,467.129,523.4645,383,"Country",5808.5,470.25270870539043,426.57176027454454,513.7818668441807,22.781386084958342,87.25270870539043,28.3827676240209,108.70600000000002
"Guatemala","Country",9205.5,490.3085,460.77549999999997,529.0364999999999,382,"Country",9205.5,469.1478608184722,427.14759375909154,513.2495467821436,22.81357613049011,87.14786081847222,28.353010471204176,108.30849999999998
"Kenya","Country",5697,509.639,481.094,546.567,402,"Country",5697,490.77490534611127,449.449177028607,531.7157957151835,22.083309787589876,88.77490534611127,26.775870646766165,107.63900000000001
"Liechtenstein","Country",4724,506.62199999999996,479.9925,542.8365,406,"Country",4724,488.80236493149937,448.19264092148285,529.529181430527,20.39467116539393,82.80236493149937,24.783743842364526,100.62199999999996
"Kyrgyzstan","Country",6842,578.8885,538.8489999999999,632.365,430,"Country",6842,556.048704833257,506.97362703269073,608.8339380550303,29.313652286803958,126.04870483325703,34.625232558139544,148.88850000000002
"Chile","Country",75426.5,555.3330000000001,540.139,577.0419999999999,502,"Country",75426.5,544.8204632561401,516.0434246816402,572.8938759336182,8.529972760187277,42.8204632561401,10.624103585657396,53.333000000000084
"Tanzania","Country",6448,597.01,545.025,670.835,416,"Country",6448,572.8160592681186,509.23852006887876,635.2615476672557,37.69616809329774,156.81605926811858,43.51201923076924,181.01
"Syria","Country",5418.5,627.4705,592.4195,674.0074999999999,486,"Country",5418.5,603.0545690677573,555.8065711805532,650.3025669549611,24.085302277316313,117.05456906775726,29.10915637860083,141.47050000000002
"Namibia","Country",8210,553.9235,519.1600000000001,601.2325,419,"Country",8210,529.2455622283085,482.8474464337394,577.9684367254417,26.311590030622554,110.24556222830847,32.201312649164684,134.9235
"Georgia","Country",4123.5,610.936,578.3275,651.637,465,"Country",4123.5,583.5124257683603,535.5500997408656,632.8447357241575,25.486543175991482,118.51242576836034,31.384086021505375,145.93600000000004
"Egypt","Country",7537.5,625.7595,591.231,672.068,490,"Country",7537.5,601.4901747283888,552.4995095976735,649.7941296632903,22.753096883344636,111.49017472838875,27.706020408163255,135.7595
"Indonesia","Country",8091,630.575,594.5685000000001,678.1025,482,"Country",8091,603.5150551645581,555.1704061531261,653.9084557725861,25.21059235779215,121.51505516455813,30.824688796680498,148.57500000000005
"Poland","Country",159670,617.9870000000001,593.42,650.4884999999999,517,"Country",159670,598.5653835475932,557.2187545612463,639.4266814610494,15.776669931836217,81.56538354759323,19.533268858800778,100.98700000000008
"Jordan","Country",893,638.648,597.721,688.548,411,"Country",893,599.3221432021232,538.6175806481943,655.0704342349444,45.82047279857014,188.32214320212324,55.38880778588808,227.64800000000002
"Panama","Country",8884,633.201,594.9475,683.16,480,"Country",8884,606.7342041983062,556.3628923327299,655.3185876877403,26.40295920798046,126.7342041983062,31.916875,153.20100000000002
"Zimbabwe","Country",5079,632.0645,593.037,683.266,475,"Country",5079,611.0737992411898,559.9336063247409,662.3799781010755,28.647115629724173,136.07379924118982,33.06621052631578,157.06449999999995
"Paraguay","Country",7866.5,695.928,658.0595000000001,744.1120000000001,533,"Country",7866.5,667.0485909822323,613.019422110402,715.8775452720608,25.149829452576423,134.04859098223233,30.568105065666053,162.928
"Lebanon","Country",9216,719.2085,686.182,764.0975000000001,570,"Country",9216,692.0535403831675,644.1565510887174,740.0798239179719,21.412901821608333,122.0535403831675,26.17692982456139,149.20849999999996
"Switzerland","Country",419892.5,677.4604999999999,665.9525000000001,697.318,650,"Country",419892.5,672.4580986854221,648.5352526256477,696.7736699057223,3.4550921054495642,22.4580986854221,4.22469230769229,27.46049999999991
"Armenia","Country",4593,741.2895000000001,693.2515,804.008,536,"Country",4593,710.6420641015285,650.3276778049387,770.9564503981182,32.582474645807544,174.6420641015285,38.300279850746286,205.2895000000001
"Costa Rica","Country",67696,672.233,645.9315,709.9970000000001,588,"Country",67696,658.4876815315768,618.1947717127446,701.8744827100556,11.98770094074435,70.48768153157675,14.325340136054422,84.23299999999995
"Czech Republic","Country",9716.5,735.0595000000001,709.9965,765.3475,609,"Country",9716.5,710.1790044576518,664.8364727378864,753.6616222022022,16.61395803902328,101.17900445765179,20.699425287356334,126.05950000000007
"Ecuador","Country",14706.5,722.3155,686.54,768.7280000000001,566,"Country",14706.5,697.4262107855791,640.9730347111117,755.0325028398547,23.220178584024566,131.4262107855791,27.61757950530037,156.31550000000004
"Uzbekistan","Country",3310,765.4975,727.528,819.3779999999999,565,"Country",3310,733.539987030915,677.1870956712162,786.2338781397257,29.830086200161944,168.53998703091497,35.486283185840705,200.49749999999995
"Germany","Country",248062,722.0435,693.7415000000001,765.1635,639,"Country",248062,707.536669695487,671.267063979411,742.3004446978866,10.725613410874345,68.53666969548703,12.995852895148662,83.0435
"Slovenia","Country",9105.5,804.6605,756.4005,863.3805,594,"Country",9105.5,767.8654608717532,710.8581787669411,826.2961379159359,29.270279608039253,173.86546087175316,35.46473063973063,210.66049999999996
"Tajikistan","Country",4166,779.9749999999999,735.3985,837.2139999999999,578,"Country",4166,746.3691170585323,684.0145007343173,808.7237333827475,29.12960502742774,168.3691170585323,34.94377162629756,201.9749999999999
"Serbia","Country",9544.5,787.5395,740.3444999999999,846.315,594,"Country",9544.5,757.3356579777634,698.913009733768,814.0938507518464,27.49758551814199,163.3356579777634,32.58240740740741,193.53949999999998
"Slovakia","Country",10201.5,851.315,802.8689999999999,910.8915,641,"Country",10201.5,815.1422377027027,754.4478587685007,875.8366166369046,27.167275772652523,174.1422377027027,32.81045241809672,210.31500000000005
"Chad","Country",88199.5,788.4615,762.7925,822.1379999999999,679,"Country",88199.5,767.1221085060913,726.7284511388577,807.4877927313539,12.978219220337461,88.12210850609131,16.12098674521354,109.4615
"Azerbaijan","Country",1766,848.6105,803.4925000000001,902.9625,583,"Country",1766,801.5081199297877,729.6943527028573,873.3218871567182,37.47995196051246,218.50811992978765,45.55926243567754,265.6105
"Austria","Country",40600,891.963,855.2585,939.5235,735,"Country",40600,863.0671488608239,809.9580303127447,915.3609402412212,17.42410188582637,128.06714886082386,21.355510204081618,156.96299999999997
"Tunisia","Country",3675.5,966.6675,916.306,1029.855,686,"Country",3675.5,917.0237575658612,851.1388129091567,982.9087022225654,33.67693258977569,231.02375756586116,40.91362973760933,280.6675
"Hungary","Country",9850.5,949.665,907.971,1000.9649999999999,727,"Country",9850.5,909.43156168053,846.558501249252,970.2700679378281,25.09374988728059,182.43156168052997,30.627922971114163,222.66499999999996
"Bolivia","Country",14714,946.579,893.9694999999999,1017.593,696,"Country",14714,908.6300530588749,843.2257267905854,976.3578926760661,30.55029497972339,212.63005305887486,36.00272988505746,250.57899999999995
"Romania","Country",10673,967.9445000000001,920.403,1024.163,728,"Country",10673,923.5604948205822,862.327363440967,986.4039787247107,26.862705332497548,195.56049482058222,32.95940934065935,239.94450000000006
"Croatia","Country",10402,951.932,909.5820000000001,1004.5975,733,"Country",10402,913.3896563908406,857.0303849078533,968.9285087837296,24.60977576955534,180.38965639084063,29.867939972714865,218.93200000000002
"Turkmenistan","Country",1146,966.8705,919.7515,1020.9685,601,"Country",1146,896.8493856099249,819.2912810978889,976.3240437247767,49.22618728950496,295.84938560992487,60.876955074875205,365.8705
"Portugal","Country",14546.5,990.521,954.3305,1033.4434999999999,763,"Country",14546.5,946.6146242249354,884.4322310109508,1008.7970174389201,24.064826241800176,183.61462422493537,29.81926605504586,227.52099999999996
"Bulgaria","Country",11581,1005.5455,953.3135,1068.5675,749,"Country",11581,959.3097853372749,889.3950640513907,1028.2317825098125,28.078743035684226,210.3097853372749,34.25173564753003,256.54549999999995
"India","Country",18052.5,1007.923,965.9495,1059.841,792,"Country",18052.5,968.0415442632545,913.6053350760764,1021.0981535775168,22.227467710006877,176.04154426325454,27.26300505050505,215.923
"DRC","Country",11744.5,1012.0585000000001,960.4625000000001,1077.3745,769,"Country",11744.5,973.4832841983952,907.983546408131,1036.0006047033708,26.59080418704749,204.48328419839515,31.607087126137845,243.0585000000001
"Ukraine","Country",12462.5,1023.422,989.0405000000001,1065.1115,827,"Country",12462.5,985.0937746828979,932.3932590828332,1038.690475115438,19.116538655731308,158.0937746828979,23.751148730350668,196.42200000000003
"Colombia","Country",37335,994.7695000000001,954.6795,1043.75,814,"Country",37335,963.0329106083514,912.9816825622654,1015.0016104231996,18.30871137694734,149.03291060835136,22.20755528255529,180.7695000000001
"Kazakhstan","Country",7440.5,1112.602,1058.101,1179.915,826,"Country",7440.5,1062.786892275382,991.9787958228424,1128.4063479732176,28.666693980070445,236.7868922753819,34.69757869249395,286.6020000000001
"Canada","Country",141233.5,1099.1125,1061.6805,1146.4540000000002,920,"Country",141233.5,1067.4799295297635,1014.2838045688027,1118.0242387570518,16.030427122800383,147.47992952976347,19.46874999999999,179.11249999999995
"Algeria","Country",10991,1163.79,1103.9740000000002,1238.202,858,"Country",10991,1114.3314767206557,1039.6965512675724,1187.9174801957945,29.875463487255914,256.3314767206557,35.63986013986013,305.78999999999996
"France","Country",135073,1139.5500000000002,1104.6064999999999,1186.514,1003,"Country",135073,1115.148716644041,1068.0175651624781,1160.0671513890225,11.18132768136002,112.14871664404109,13.61415752741777,136.55000000000018
"Peru","Country",17189.5,1193.5745,1126.497,1275.1435000000001,859,"Country",17189.5,1139.5283175800796,1061.0944543195478,1212.2701189545965,32.65754570198831,280.5283175800796,38.949301513387645,334.57449999999994
"Italy","Country",22899,1223.6945,1191.9295,1262.327,1045,"Country",22899,1188.534830703435,1136.47627447152,1240.0720831563203,13.735390497936372,143.5348307034351,17.099952153110042,178.69450000000006
"Morocco","Country",14067,1288.19,1235.0435,1352.7765,987,"Country",14067,1236.695243272071,1164.563975342966,1311.3782729949958,25.29840357366473,249.6952432720709,30.515704154002023,301.19000000000005
"Spain","Country",30688,1439.2224999999999,1389.8629999999998,1499.5149999999999,1167,"Country",30688,1389.0219290028929,1327.4282862027092,1451.0501609368898,19.025015338722607,222.02192900289288,23.32669237360754,272.22249999999985
"Iran","Country",20691.5,1422.9205000000002,1367.5810000000001,1492.118,1112,"Country",20691.5,1370.974577950266,1297.2841929838883,1444.6649629166438,23.289080750923198,258.97457795026594,27.960476618705044,310.9205000000002
"South Africa","Country",50630.5,1505.555,1451.595,1571.638,1240,"Country",50630.5,1459.089686280171,1389.6447248529435,1525.8493901757543,17.668523087110554,219.089686280171,21.41572580645161,265.55500000000006
"Israel","Country",14571,1459.4825,1394.2530000000002,1537.6055000000001,1064,"Country",14571,1394.1690284982205,1315.095133054257,1469.2708662164769,31.030923731035777,330.16902849822054,37.169407894736835,395.4825000000001
"Greece","Country",18207,1489.0349999999999,1443.2620000000002,1543.1175,1191,"Country",18207,1433.494022173094,1367.7060433652493,1499.2820009809388,20.36053922528076,242.49402217309398,25.023929471032737,298.03499999999985
"Russia","Country",41197,1545.252,1498.4830000000002,1601.0524999999998,1255,"Country",41197,1489.3121531777942,1417.8338390630788,1561.4239506663964,18.670291089864087,234.31215317779424,23.127649402390425,290.25199999999995
"Argentina","Country",58767,1579.9744999999998,1528.37,1642.1725000000001,1277,"Country",58767,1524.0313953135858,1452.7243579489427,1597.1163209251822,19.344666821737345,247.0313953135858,23.725489428347668,302.9744999999998
"China","Country",24195,1747.2655,1690.76,1813.632,1367,"Country",24195,1675.14370516755,1597.4897683413692,1752.7976419937308,22.54160242630212,308.14370516755,27.817520117044616,380.2655
"Australia","Country",241671,1819.7485,1777.6019999999999,1873.3195,1615,"Country",241671,1786.2089577652673,1727.0815988925528,1847.236122607285,10.60117385543451,171.20895776526731,12.677925696594428,204.74849999999992
"Turkey","Country",26733,2378.999,2304.053,2465.6525,1824,"Country",26733,2282.5769885789023,2190.574654582051,2374.5793225757543,25.141282268580166,458.5769885789023,30.427576754385942,554.9989999999998
"Brazil","Country",176366.5,2514.9885,2453.0240000000003,2587.043,2072,"Country",176366.5,2429.044385461716,2348.155071578146,2509.727897505676,17.231871885217952,357.04438546171605,21.37975386100386,442.98849999999993
"Mexico","Country",282973,2644.655,2588.7065000000002,2708.6035,2265,"Country",282973,2575.4833053278394,2502.083699537312,2649.3115936987806,13.707872199904614,310.4833053278394,16.761810154525403,379.6550000000002
"USA","Country",2253181,4148.642,4075.127,4236.700000000001,3703,"Country",2253181,4072.274267154735,3991.34831153086,4148.26807980178,9.972299950168374,369.27426715473484,12.034620577909806,445.6419999999998
