"name","scale","nChao","iChao_est","iChao_lower","iChao_upper","observedRichness","level","niNEXT","iNEXT_est","iNEXT_lower","iNEXT_upper","iNEXT_increasePercent","iNEXT_increase","iChao_increasePercent","iChao_increase","cleanRecords","elevationalRange","Code","year_GDPc","GPD_per_cap","year_TerEd","percent_ed","continent","mean_roadDist","median_roadDist","n_lit","n_occ","propOccurrences","area_m"
"British Indian Ocean Territory","Country",4,1,1,1.276,1,"Country",4,1,1,1,0,0,0,0,4,12,NA,NA,NA,NA,NA,"Seven seas (open ocean)",NA,NA,NA,NA,NA,132407812.32868525
"Saint Helena","Country",3,1,1,1.464,1,"Country",3,1,1,1,0,0,0,0,3,643,NA,NA,NA,NA,NA,"Seven seas (open ocean)",340.928478328676,340.928478328676,NA,NA,NA,185836378.32595935
"Antigua and Barbuda","Country",15,3,3,3.503,3,"Country",15,3,2.6389815002281485,3.3610184997718515,0,0,0,0,15,279,NA,NA,NA,NA,NA,NA,995.366106670895,613.686384940957,NA,NA,NA,432831288.30035114
"Aruba","Country",24,2,2,3.595,2,"Country",24,2,1.057462495635864,2.942537504364136,0,0,0,0,24,127,NA,NA,NA,NA,NA,"North America",441.555838277926,441.555838277926,NA,NA,NA,155263197.19798118
"Bahrain","Country",16,4.470000000000001,4.0275,11.759,4,"Country",16,4.465144230769231,2.483850366604625,7.026458420964373,11.62860576923077,0.46514423076923084,11.750000000000016,0.47000000000000064,7,92,"BHR",2022,38651.6,2020,10.7,"Asia",1078.14475969542,1278.74566907406,3,1,0.25,541461331.8152589
"Cook Islands","Country",12,4.29,4.0225,8.292,4,"Country",12,4.227272727272727,2.321055201633479,6.133490252911975,5.681818181818166,0.22727272727272663,7.250000000000001,0.29000000000000004,10,398,NA,NA,NA,NA,NA,"Oceania",851.141780725502,851.141780725502,1,3,0.75,60653677.28624762
"Saint-Martin","Country",20,5,5,5.918,5,"Country",20,5,4.101003975623533,5.898996024376467,0,0,0,0,NA,NA,NA,NA,NA,NA,NA,NA,NA,NA,NA,NA,NA,49002332.79759201
"Cayman Islands","Country",8.5,5.1625,4.1419999999999995,17.7055,4,"Country",8.5,5.102272727272727,1.3932906985814837,8.43747410922563,27.556818181818166,1.1022727272727266,29.062499999999993,1.1624999999999996,7,39,NA,NA,NA,NA,NA,"North America",2771.47194676352,2235.9269801233,1,3,0.75,301321020.5660896
"São Tomé","Country",34,8.5595,7.169499999999999,21.537,7,"Country",34,8.559157754010695,5.387109817922129,13.136765054290855,22.273682200152777,1.5591577540106947,22.278571428571436,1.5594999999999999,11,1758,"STP",2022,3751.6428,NA,NA,"Africa",2015.84592774529,1670.65640810088,6,1,0.14285714285714285,985862851.8084313
"Saint Pierre and Miquelon","Country",19.5,7.75,7.33,9.5395,7,"Country",19.5,7,4.4729459032886805,9.52705409671132,0,0,10.71428571428572,0.75,18,186,NA,NA,NA,NA,NA,"North America",18601.7102331176,15770.4292593821,1,6,0.8571428571428571,205241702.31651428
"Bermuda","Country",64,9.646,7.3100000000000005,29.634,7,"Country",64,9.458646616541353,4.99470051248908,14.02232283609818,35.12352309344791,2.458646616541353,37.80000000000001,2.646000000000001,41,48,NA,NA,NA,NA,NA,"North America",2633.99009929802,2633.99009929802,4,3,0.42857142857142855,65982386.24970758
"Kuwait","Country",494.5,9,9,10.428,9,"Country",494.5,9,7.871013252198687,10.171672222033408,0,0,0,0,395,293,"KWT",2022,71533.516,2020,6.3,"Asia",6249.59189343104,4212.23489739346,4,5,0.5555555555555556,17329662356.138885
"Faroe Islands","Country",9,7.333,6.152,17.707,6,"Country",9,7.333333333333333,0.24151653376223248,14.651084421743487,22.22222222222221,1.333333333333333,22.21666666666666,1.3330000000000002,2,882,NA,NA,NA,NA,NA,"Europe",1473.6287135838,774.392228600234,5,1,0.16666666666666666,1035135342.8945549
"Qatar","Country",26.5,10.368,8.404,19.944,8,"Country",26.5,9.935483870967742,3.441531513556802,16.419878283336864,24.193548387096776,1.935483870967742,29.600000000000005,2.3680000000000003,13,90,"QAT",2022,149171.11,2020,14.9,"Asia",3851.62353464597,3175.6092713613,4,4,0.5,11074167472.605629
"Palau","Country",33,16.133,12.152000000000001,35.242000000000004,11,"Country",33,15.133158289572393,3.666468914205751,25.9286351197887,37.57416626883994,4.133158289572393,46.66363636363635,5.132999999999999,13,171,NA,2023,14563,NA,NA,"Oceania",6227.24749750234,5262.95930116082,7,4,0.36363636363636365,340619656.4033208
"Guinea-Bissau","Country",40,17.552500000000002,13.8735,37.277,13,"Country",40,17.24,4.67821575660028,31.633883685941477,32.6153846153846,4.239999999999998,35.01923076923079,4.552500000000002,6,251,"GNB",2022,1625.3876,NA,NA,"Africa",1429.43017929459,770.547505043738,12,1,0.07692307692307693,32056090437.620796
"Curaçao","Country",427,20.5295,17.6065,32.827,17,"Country",427,20.076363142718048,10.522056828960434,29.967826197796853,18.096253780694393,3.076363142718048,20.761764705882335,3.5294999999999987,NA,NA,NA,NA,NA,NA,NA,NA,NA,NA,NA,NA,NA,429683353.15417355
"Montserrat","Country",58,26.0355,19.1815,62.342,17,"Country",58,25.351602276130578,8.775163500863533,45.557795180310734,49.12707221253281,8.351602276130578,53.149999999999984,9.035499999999999,23,759,NA,NA,NA,NA,NA,"North America",1410.95901886641,1410.95901886641,11,6,0.35294117647058826,79781359.34159136
"Macao","Country",194.5,20.880000000000003,19.534,25.700499999999998,19,"Country",194.5,20.553344286622853,11.982322700316178,29.902423596989394,8.175496245383428,1.5533442866228526,9.894736842105267,1.8800000000000026,61,265,NA,NA,NA,NA,NA,"Asia",NA,NA,12,7,0.3684210526315789,22739557.425197456
"Guam","Country",171,16.0955,11.659500000000001,46.339,11,"Country",171,15.470112563074135,7.583404771796172,24.460161127247154,40.637386937037604,4.470112563074135,46.322727272727285,5.095500000000001,89,333,NA,2022,40227,NA,NA,"Oceania",NA,NA,5,6,0.5454545454545454,482213687.74397606
"Timor-Leste","Country",194,20.85,19.2775,33.784,19,"Country",194,20.741083916083916,12.033502365629438,29.697946267038702,9.163599558336411,1.741083916083916,9.736842105263154,1.8500000000000014,101,2717,NA,NA,NA,NA,NA,"Asia",3887.16501378158,3131.05091161561,10,9,0.47368421052631576,15020735896.073454
"Vanuatu","Country",47,23.152,19.987000000000002,31.9715,18,"Country",47,22.402127659574468,6.744680729821405,39.51578438645767,24.456264775413715,4.402127659574468,28.622222222222238,5.152000000000001,20,1654,NA,2023,3367,NA,NA,"Oceania",15403.1434419268,4221.59443473609,11,7,0.3888888888888889,11292281164.76271
"Sint Maarten","Country",89,18.0165,13.906500000000001,41.668499999999995,13,"Country",89,17.20780632411067,8.59354863872693,28.80716328902351,32.36774095469745,4.2078063241106705,38.58846153846154,5.016500000000001,40,275,NA,NA,NA,NA,NA,"North America",206.086760272817,206.086760272817,9,4,0.3076923076923077,41839743.60979075
"Grenada","Country",25,25.705,17.52,58.9815,14,"Country",25,25.033793103448275,2.199991946841111,47.82824494138664,78.81280788177338,11.033793103448275,83.60714285714283,11.704999999999998,10,636,NA,NA,NA,NA,NA,"North America",1506.22510470824,1564.44702835018,8,6,0.42857142857142855,286021216.79856545
"Mauritius","Country",69,24.085500000000003,19.756,40.138000000000005,18,"Country",69,23.054261823413057,8.152120983928173,38.374208265676245,28.07923235229477,5.054261823413057,33.80833333333335,6.085500000000003,19,718,"MUS",2022,20643.094,2020,6.6,"Seven seas (open ocean)",1122.33446407062,755.43632599174,20,4,0.16666666666666666,1879251096.6584642
"Mauritius","Country",69,24.085500000000003,19.756,40.138000000000005,18,"Country",69,23.054261823413057,8.152120983928173,38.374208265676245,28.07923235229477,5.054261823413057,33.80833333333335,6.085500000000003,19,718,"MUS",2022,20643.094,2020,4,"Seven seas (open ocean)",1122.33446407062,755.43632599174,20,4,0.16666666666666666,1879251096.6584642
"Samoa","Country",38,27.8365,23.137500000000003,42.0655,19,"Country",38,26.98382509303562,6.174711942794756,47.07262365310042,42.02013206860853,7.98382509303562,46.50789473684212,8.836500000000001,9,1779,NA,2023,4139,NA,NA,"Oceania",3562.01874817419,2802.64664726582,14,5,0.2631578947368421,2701753949.1292562
"N. Mariana","Country",170,19.219,14.7375,54.709500000000006,14,"Country",170,19.219156840575028,9.810330106887804,28.587145728987963,37.279691718393046,5.219156840575028,37.278571428571425,5.219000000000001,86,773,NA,2020,17303,NA,NA,"Oceania",NA,NA,8,6,0.42857142857142855,393511134.8779447
"Monaco","Country",13.5,11.571,6.8945,42.4105,6,"Country",13.5,11.571428571428571,4.296954979115703,18.84590216374144,92.85714285714286,5.571428571428571,92.85,5.571,8,617,NA,NA,NA,NA,NA,"Europe",NA,NA,2,4,0.6666666666666666,12413442.298156071
"Comoros","Country",214,28.0015,22.526,50.419,21,"Country",214,27.220245464367714,13.044187629964377,44.31356774337978,29.620216496989116,6.220245464367714,33.340476190476195,7.0015,50,2319,"COM",2022,1900.3983,NA,NA,"Africa",2024.66133092635,1188.55973679258,18,3,0.14285714285714285,1585848746.7110367
"French Polynesia","Country",262,25.5375,19.209,57.622,18,"Country",262,25.09993954910746,9.792767022519413,39.61768695340376,39.444108606152554,7.099939549107461,41.875000000000014,7.537500000000001,105,1511,NA,2022,18984,NA,NA,"Oceania",378433.171078634,124910.746720093,11,7,0.3888888888888889,2614778765.8208704
"Anguilla","Country",89,33.2645,26.206,56.6525,24,"Country",89,33.26092397186147,11.66870756944115,58.65497124116044,38.58718321608947,9.260923971861473,38.602083333333326,9.264499999999998,15,44,NA,NA,NA,NA,NA,"North America",216.919050604769,216.919050604769,20,4,0.16666666666666666,83277024.07804292
"Cabo Verde","Country",163,27.875999999999998,24.389499999999998,41.1945,23,"Country",163,27.43859703981655,9.098511125247095,48.162495175117854,19.29824799920239,4.43859703981655,21.199999999999996,4.875999999999998,75,2503,"CPV",2022,7202.767,NA,NA,"Africa",1333.5084342056,910.7011547749,11,12,0.5217391304347826,3585102519.0271215
"Barbados","Country",41.5,16.8595,10.3265,63.3365,9,"Country",41.5,16.826967326277035,6.3486386010762175,29.82479887829527,86.9663036253004,7.826967326277035,87.32777777777778,7.859500000000001,24,307,"BRB",2022,11545.848,2020,7.5,"North America",1157.11020901739,1011.56381697854,16,5,0.23809523809523808,389308959.8479304
"Saint Lucia","Country",100.5,51.053,40.509,82.73349999999999,32,"Country",100.5,48.65292207792208,17.448903197920483,85.0091029117961,52.040381493506494,16.652922077922078,59.54062499999999,19.052999999999997,18,694,"LCA",2022,10452.165,NA,NA,"North America",2787.96966186216,2548.02765586804,27,5,0.15625,551303832.5980362
"Bangladesh","Country",204,37.835499999999996,31.191000000000003,58.947,27,"Country",204,36.109483160409084,10.710057245902725,60.99380515779717,33.73882652003364,9.109483160409084,40.131481481481465,10.835499999999996,95,899,"BGD",2022,4925.721,2020,3.5,"Asia",3443.35100058599,2094.34554634388,13,14,0.5185185185185185,135650502595.8411
"Fiji","Country",1247.5,39.292500000000004,34.1725,69.40299999999999,33,"Country",1247.5,38.37082284824703,24.0433747867253,52.45084168413995,16.27522075226373,5.37082284824703,19.06818181818184,6.292500000000004,967,1200,NA,2023,5868,2020,14.8,"Oceania",8706.1093664815,3375.02432937377,16,17,0.5151515151515151,18406666337.119877
"Seychelles","Country",189,47.355,41.7095,70.1585,38,"Country",189,46.08253180996838,27.059935792339235,71.20836560624562,21.269820552548357,8.08253180996838,24.618421052631568,9.354999999999997,33,747,"SYC",2022,31055.39,NA,NA,"Seven seas (open ocean)",2107.90670690245,2234.79341232692,34,4,0.10526315789473684,174395044.41863337
"New Zealand","Country",13463.5,48.75,46.587,58.707,46,"Country",13463.5,48.24983269350294,39.60763274886844,56.65887485497695,4.890940638049868,2.2498326935029382,5.978260869565211,2.75,13399,3333,"NZL",2022,38250.12,2020,39.8,"Oceania",5564.49268693767,2302.23364991897,4,43,0.9148936170212766,266861956801.97263
"eSwatini","Country",168.5,37.341,28.112000000000002,73.88050000000001,24,"Country",168.5,36.01709320091673,3.8879241875914907,68.1377468080795,50.07122167048639,12.017093200916733,55.58750000000001,13.341000000000001,NA,NA,NA,NA,NA,NA,NA,NA,NA,NA,NA,NA,NA,NA
"Bahamas","Country",553,62.247,55.025,80.27250000000001,48,"Country",553,60.225866787613775,38.06864066513328,79.02723132381996,25.470555807528704,12.225866787613775,29.68124999999999,14.247,386,48,NA,NA,NA,NA,NA,"North America",20871.1401620439,5215.46175838293,13,35,0.7291666666666666,12667391604.679783
"Rwanda","Country",274,68.713,56.5205,98.0005,51,"Country",274,67.08012546466136,43.99126666092624,92.86215409370112,31.52965777384582,16.080125464661364,34.73137254901959,17.712999999999994,22,3251,"RWA",2022,2198.0662,2020,2.5,"Africa",4301.97405725728,3586.25582571047,46,5,0.09803921568627451,25385673489.438713
"Dominica","Country",287,69.868,42.072500000000005,204.16899999999998,34,"Country",287,68.14570298122929,20.452151775262276,112.61555609504028,100.42853818008615,34.14570298122929,105.49411764705883,35.867999999999995,159,1275,"DMA",2022,8879.6455,NA,NA,"North America",3224.53490753138,2511.54286206937,15,19,0.5588235294117647,697839981.5899016
"Gambia","Country",439,71.33449999999999,60.322,95.51599999999999,53,"Country",439,69.36534101680991,44.0175709847327,95.80591053411106,30.87800191850927,16.365341016809907,34.59339622641509,18.33449999999999,47,58,"GMB",2022,2010.5322,2020,1.3,"Africa",1093.57137767751,767.46470903593,46,7,0.1320754716981132,10313577174.177986
"Andorra","Country",149.5,74.68549999999999,66.9245,87.4985,55,"Country",149.5,71.21317677410235,49.78213278525142,92.35219294305396,29.47850322564063,16.21317677410235,35.79181818181816,19.68549999999999,61,1783,NA,NA,NA,NA,NA,"Europe",1200.4219334029,1691.48471982151,27,28,0.509090909090909,441824720.85932267
"Greenland","Country",405.5,89.59100000000001,73.98750000000001,123.328,61,"Country",405.5,85.0158688641236,49.97553341784531,118.33153323561689,39.370276826432125,24.015868864123604,46.87049180327869,28.591000000000008,25,3940,NA,NA,NA,NA,NA,"North America",568933.380271826,548304.814282708,57,4,0.06557377049180328,2154749885240.1128
"SV & Grenadines","Country",330,65.5235,54.3675,82.2595,48,"Country",330,62.08043891459905,31.57752707221712,92.62051039149429,29.33424773874802,14.08043891459905,36.50729166666666,17.5235,91,1075,NA,NA,NA,NA,NA,"North America",2724.6583788374,3466.70450344924,31,17,0.3541666666666667,311086168.51072115
"Brunei Darussalam","Country",226,71.0565,60.169,99.6645,49,"Country",226,67.05831978319783,38.96592814802185,100.91977402001282,36.853713843260884,18.05831978319783,45.01326530612244,22.0565,36,1161,NA,NA,NA,NA,NA,"Asia",6474.47929610264,4969.26855012429,38,11,0.22448979591836735,5672080170.491414
"Burkina Faso","Country",37208,77.2735,70.8545,100.2515,69,"Country",37208,76.12480852838273,57.18848711050697,94.99409317728693,10.325809461424251,7.124808528382729,11.990579710144921,8.273499999999999,36304,562,"BFA",2022,1704.966,NA,NA,"Africa",4763.69650617909,3643.35812551925,42,27,0.391304347826087,273684866008.4115
"Puerto Rico","Country",1771.5,80.7855,74.9675,95.804,71,"Country",1771.5,79.8166674164012,61.812811332331414,98.03597833724547,12.417841431550979,8.816667416401202,13.782394366197192,9.785499999999999,897,1224,"PRI",2022,35280.668,NA,NA,"North America",1940.9455270503,811.235468865403,47,24,0.3380281690140845,8944732199.251354
"Bhutan","Country",666,80.6175,67.75,109.29050000000001,60,"Country",666,77.51595935177724,45.24854404186736,108.63125460887889,29.193265586295404,17.51595935177724,34.362500000000004,20.617500000000007,134,7133,NA,NA,NA,NA,NA,"Asia",9134.26044545458,6090.02608961794,47,13,0.21666666666666667,39876676811.23398
"Isle of Man","Country",3001,73.067,68.145,92.409,66,"Country",3001,72.12293283245309,56.59170343400184,87.31088032453326,9.27717095826226,6.122932832453088,10.70757575757575,7.066999999999993,2947,550,NA,NA,NA,NA,NA,"Europe",246.209290217272,243.07927479682,4,62,0.9393939393939394,557314623.1079526
"Cambodia","Country",618.5,89.3675,79.723,111.1045,70,"Country",618.5,86.00999492867065,60.599524116946235,108.65548765113542,22.871421326672348,16.00999492867065,27.667857142857155,19.367500000000007,118,1708,"KHM",2022,3944.2468,2020,2.8,"Asia",6054.58013417605,4392.8558682951,53,17,0.24285714285714285,181362801378.64005
"Dominican Republic","Country",1185,81.2935,75.497,97.1435,71,"Country",1185,79.63617856464614,63.497712894249695,96.65182103532479,12.163631781191754,8.636178564646144,14.497887323943658,10.293499999999995,606,3005,"DOM",2022,17713.52,2020,14.7,"North America",3123.25302564806,2550.13572921839,29,42,0.5915492957746479,48589548135.5332
"Jamaica","Country",886,73.7765,61.459500000000006,117.31,53,"Country",886,71.81135451778297,36.884340209165444,120.13483484463508,35.49312173166599,18.811354517782974,39.20094339622642,20.7765,238,2129,"JAM",2022,7481.6685,2020,18.4,"North America",2241.54632569523,1490.29182959901,29,24,0.4528301886792453,10932737866.158798
"Haiti","Country",496.5,84.42949999999999,66.69200000000001,116.3565,50,"Country",496.5,77.72144568387705,44.36988967999627,111.3329691603154,55.44289136775411,27.72144568387705,68.85899999999998,34.42949999999999,194,2532,"HTI",2022,1546.4222,2020,1.2,"North America",2768.70650749807,2155.30157226739,17,33,0.66,26806101074.84998
"Niger","Country",99.5,82.46799999999999,68.649,116.105,59,"Country",99.5,82.4681524122807,58.836620989333234,107.24989324383958,39.77652951234016,23.468152412280702,39.77627118644067,23.46799999999999,7,1741,"NER",2022,1007.72095,2020,1.4,"Africa",36887.4281530736,18026.9981440733,55,4,0.06779661016949153,1185059883272.0525
"New Caledonia","Country",1597.5,102.96,95.05449999999999,120.6405,88,"Country",1597.5,101.23375579297297,79.81603345126373,125.00650595749133,15.0383588556511,13.233755792972971,16.999999999999993,14.959999999999994,314,1512,NA,2022,35745,NA,NA,"Oceania",6715.1307675403,2818.24629785106,63,25,0.2840909090909091,18666488033.50746
"CAR","Country",454.5,110.706,101.946,126.044,89,"Country",454.5,106.61245533034507,83.87188008540294,129.35303057528722,19.789275652073112,17.61245533034507,24.388764044943834,21.706000000000003,113,1002,"CAF",2022,596.393,2020,1.4,"Africa",13483.7281972479,7895.40454373299,67,22,0.24719101123595505,620985224337.8257
"Mali","Country",86,86.619,72.309,119.036,61,"Country",86,86.6186046511628,55.899381298733374,118.10437477744009,41.99771254288984,25.618604651162798,41.9983606557377,25.619,8,947,"MLI",2022,1651.9413,2020,1.6,"Africa",40263.2543039387,13153.1661151356,56,5,0.08196721311475409,1258213994441.946
"Yemen","Country",368.5,116.274,106.23949999999999,132.97899999999998,91,"Country",368.5,111.69537360726555,89.9821257442873,134.10321821794673,22.742168799192907,20.69537360726555,27.77362637362637,25.274,37,3542,"YEM",2022,1959.3195,2020,3.8,"Asia",23334.0101971109,15521.2028605465,79,12,0.13186813186813187,454136378293.9569
"Malta","Country",767.5,119.3425,110.892,133.797,99,"Country",767.5,115.41544308412766,93.09370812055704,138.5675721810509,16.581255640532987,16.41544308412766,20.5479797979798,20.3425,111,224,"MLT",2022,34496.34,2020,18.9,"Europe",1444.43949192559,1534.79848998968,83,16,0.16161616161616163,273779804.89792645
"Sierra Leone","Country",192,128.702,114.32650000000001,149.5475,87,"Country",192,120.93078315194487,91.43373887756249,151.46550297610375,39.000900174649274,33.930783151944865,47.93333333333334,41.702,18,1691,"SLE",2022,1690.4982,2020,3.3,"Africa",1058.83402319857,676.05627600783,77,10,0.11494252873563218,71875692503.4685
"UAE","Country",1877,123.888,115.2005,146.55599999999998,106,"Country",1877,121.04808540389956,100.81602319967558,142.561703197305,14.196306984810914,15.048085403899563,16.87547169811321,17.888000000000005,661,1753,"ARE",2022,77203.67,2020,14.2,"Asia",8974.47512564474,6014.04170712071,71,35,0.330188679245283,71279189298.3143
"Ireland","Country",36194.5,119.23599999999999,111.7945,160.2125,110,"Country",36194.5,118.99975160333636,100.91570661699063,138.30393912608665,8.18159236666942,8.999751603336364,8.396363636363624,9.23599999999999,35927,873,"IRL",2022,60257.082,2020,50.3,"Europe",2911.62410734035,2394.62518105615,14,96,0.8727272727272727,68698389924.92526
"Cuba","Country",2061.5,131.398,122.5365,147.02300000000002,111,"Country",2061.5,127.52944119558154,105.48675972841534,148.65941845761887,14.891388464487875,16.52944119558154,18.376576576576564,20.397999999999996,962,1738,"CUB",2022,7648.704,2020,29.5,"North America",3051.91264993363,2105.69335447389,52,59,0.5315315315315315,109298059442.30664
"Ghana","Country",513.5,132.634,120.013,160.12650000000002,101,"Country",513.5,128.15225696045425,103.00910283437429,153.29541108653422,26.88342273312303,27.152256960454253,31.320792079207905,31.633999999999986,101,841,"GHA",2022,4242.4106,2020,4,"Africa",4292.18827734183,3293.40732944336,72,29,0.2871287128712871,239565921826.06116
"Somalia","Country",124.5,113.762,92.389,161.4175,75,"Country",124.5,113.76224177868914,80.9964542266451,147.0721176116974,51.68298903825219,38.762241778689145,51.68266666666668,38.762,7,2050,NA,NA,NA,NA,NA,"Africa",2123.79224604023,1217.17868948196,70,5,0.06666666666666667,473603258330.72437
"Hong Kong","Country",2473,62.964,46.892,131.846,42,"Country",2473,62.24181156490093,24.472298034393166,100.0113250954087,48.194789440240314,20.241811564900928,49.91428571428571,20.964,2473,759,"HKG",2022,48289.383,2020,25.3,"Asia",1683.10320519536,1470.70296656626,NA,NA,NA,1028921488.8862168
"Togo","Country",102.5,115.6555,94.7575,158.662,75,"Country",102.5,115.6559097749132,82.73215829303248,148.95384673743706,54.20787969988425,40.6559097749132,54.20733333333334,40.6555,4,937,"TGO",2022,1586.5889,2020,3.6,"Africa",4205.10749551666,3214.15346970568,72,3,0.04,57139767453.6461
"Uruguay","Country",1543,138.473,107.13300000000001,219.87650000000002,87,"Country",1543,133.2233620815466,83.4992178328666,177.0218680643531,53.13030124315703,46.22336208154661,59.16436781609198,51.47300000000001,342,457,"URY",2022,20181.94,2020,7.7,"South America",4497.23964886861,3665.11481826349,65,22,0.25287356321839083,177564962792.43668
"Guernsey","Country",752.5,151.945,135.244,182.59449999999998,112,"Country",752.5,145.4355030817784,118.14090947996893,174.3153723950709,29.85312775158786,33.43550308177839,35.66517857142857,39.94499999999999,109,96,NA,NA,NA,NA,NA,"Europe",498.61589060497,498.61589060497,99,13,0.11607142857142858,48055368.59073279
"Iraq","Country",344.5,143.549,129.22199999999998,162.7225,107,"Country",344.5,137.08492620824552,110.38049265817438,161.53669774851073,28.116753465650014,30.08492620824552,34.15794392523366,36.54900000000001,14,3469,"IRQ",2022,13071.94,2020,20.4,"Asia",8126.98776594076,3326.89463069408,103,4,0.037383177570093455,437451504276.5065
"Oman","Country",517,134.54149999999998,125.8675,149.0235,111,"Country",517,130.80046607837247,108.06471825423652,154.45370334271664,17.838257728263486,19.800466078372466,21.208558558558543,23.541499999999985,139,2979,"OMN",2022,47988.65,NA,NA,"Asia",10859.9873887007,6580.61247292212,73,38,0.34234234234234234,312071250372.0721
"Singapore","Country",4410.5,140.1905,129.2655,160.615,119,"Country",4410.5,136.51673143090107,113.48052699308789,158.66317985174538,14.719942378908456,17.516731430901075,17.807142857142843,21.190499999999986,3388,94,"SGP",2022,80320.086,2020,52,"Asia",1481.23707223126,1359.07730526964,58,61,0.5126050420168067,484940113.2909591
"Lesotho","Country",1674,135.9065,125.773,154.6005,114,"Country",1674,133.94054448843693,111.35733057732475,156.526262030945,17.491705691611337,19.940544488436927,19.216228070175422,21.906499999999994,1243,2000,"LSO",2022,2312.9583,2020,1.1,"Africa",7905.81395385479,5846.62308622246,22,92,0.8070175438596491,30027545052.078854
"Lao","Country",742,160.578,143.6585,190.2165,118,"Country",742,153.26409771752182,123.5879077247325,183.07311923609848,29.88482857417103,35.26409771752182,36.08305084745762,42.578,78,2649,NA,NA,NA,NA,NA,"Asia",5440.50190299376,3975.47934330089,101,17,0.1440677966101695,228946591685.1169
"Jersey","Country",2014.5,176.4505,149.725,221.201,120,"Country",2014.5,166.50061520768924,122.35673283351743,212.07840942071562,38.75051267307437,46.500615207689236,47.04208333333333,56.450500000000005,274,117,NA,NA,NA,NA,NA,"Europe",227.970024949689,227.970024949689,97,23,0.19166666666666668,126332562.46222614
"Saudi Arabia","Country",1556,151.038,138.4195,176.214,122,"Country",1556,146.86099305079378,119.26992497974621,173.79453198282317,20.377863156388344,24.86099305079378,23.80163934426229,29.03800000000001,280,2958,"SAU",2022,53516.91,2020,15.2,"Asia",22422.2507610541,10407.5784227687,95,27,0.22131147540983606,1925845238439.6074
"Cyprus","Country",1252,154.59,150.058,161.671,142,"Country",1252,152.07259352777493,133.13942331135098,171.00576374419887,7.093375723785167,10.072593527774927,8.8661971830986,12.590000000000003,1252,1891,"CYP",2022,31523.498,2020,38.7,NA,1944.1367127054,1623.19997872957,NA,NA,NA,5707932568.648508
"Vietnam","Country",1389,163.92,144.043,194.428,118,"Country",1389,155.66487771241708,122.41345532436387,190.8979332529488,31.91938789187889,37.66487771241708,38.915254237288124,45.91999999999999,274,2890,"VNM",2022,8050.359,2020,7.4,"Asia",4199.74685386635,3016.31065291098,82,36,0.3050847457627119,328939051416.09625
"Moldova","Country",279,170.32,152.321,193.67000000000002,114,"Country",279,159.96649717241823,128.9101003767141,192.8484925186501,40.32148874773529,45.96649717241823,49.40350877192983,56.31999999999999,19,396,"MDA",2022,6674.871,2020,17.6,"Europe",2258.30110586309,1780.05318409536,104,10,0.08771929824561403,33117009445.50509
"Burundi","Country",116,144.6535,116.7385,198.774,87,"Country",116,144.6536829112916,95.91539216378362,187.29389212078132,66.26860104746162,57.65368291129161,66.26839080459771,57.65350000000001,12,1861,"BDI",2022,717.22845,2020,1.9,"Africa",1375.44072913742,541.097717226298,77,10,0.11494252873563218,27207401347.05851
"Rep. Congo","Country",1035.5,160.82,142.38400000000001,193.936,119,"Country",1035.5,154.83079192337112,125.28218695888582,181.54110390854902,30.10990917930347,35.83079192337112,35.14285714285714,41.81999999999999,66,890,NA,NA,NA,NA,NA,"Africa",15760.8238107416,8877.02212122407,105,14,0.11764705882352941,346876237820.1058
"Solomon Islands","Country",757,146.98700000000002,73.1845,360.79949999999997,46,"Country",757,137.737057426345,26.599656363213924,281.3686151057357,199.42838570944562,91.73705742634499,219.5369565217392,100.98700000000002,151,2231,NA,2023,2203,NA,NA,"Oceania",54282.2044367625,11900.1331306049,28,18,0.391304347826087,25739582271.543232
"El Salvador","Country",2046.5,162.6495,145.74599999999998,195.28300000000002,121,"Country",2046.5,156.79024009272376,122.33670006961472,194.49177464384218,29.578710820432864,35.790240092723764,34.42107438016529,41.64949999999999,635,2305,"SLV",2022,9218.905,2020,6.3,"North America",2087.94978537601,1778.381503685,74,47,0.3884297520661157,20391091843.494873
"Liberia","Country",281.5,170.4275,149.663,202.063,110,"Country",281.5,160.37838786213786,124.06937465379569,195.0468634543102,45.798534420125314,50.378387862137856,54.93409090909091,60.42750000000001,36,1239,"LBR",2022,811.2146,2020,11.1,"Africa",2446.80651857082,1282.07701428613,90,20,0.18181818181818182,95663383856.45088
"Trinidad and Tobago","Country",2454.5,168.611,149.6,201.554,126,"Country",2454.5,160.77875405844156,130.45158297965475,196.35161566837186,27.602185760667908,34.778754058441564,33.818253968253956,42.61099999999999,1460,840,"TTO",2022,25773.006,2020,12,"North America",3525.0337776379,2834.82675787889,53,73,0.5793650793650794,5102341690.808783
"Sri Lanka","Country",4130,182.5335,164.81900000000002,212.377,142,"Country",4130,176.07437221217137,145.6942373994203,207.37974957451206,23.996036769134776,34.07437221217137,28.544718309859164,40.533500000000004,2411,2400,"LKA",2022,10705.481,2020,15.7,"Asia",2293.37737508904,1541.15437491292,93,49,0.34507042253521125,66043193841.389946
"Senegal","Country",601,196.4615,178.8845,222.672,143,"Country",601,187.0898465438606,155.28652885672773,221.68402476960955,30.832060520182235,44.0898465438606,37.38566433566432,53.4615,20,533,"SEN",2022,2660.6816,2020,3.7,"Africa",1844.50611501178,940.605479480713,136,7,0.04895104895104895,197328562183.0155
"Suriname","Country",1029,197.24099999999999,180.2265,223.8725,148,"Country",1029,189.09960788869435,157.3124847927989,221.09485910717842,27.770005330198888,41.09960788869435,33.270945945945925,49.240999999999985,426,1116,NA,NA,NA,NA,NA,"South America",46517.3660275277,42562.36777907,68,80,0.5405405405405406,145574786573.01593
"Botswana","Country",1336.5,197.8065,184.02100000000002,217.9425,154,"Country",1336.5,189.74473125755304,161.65715076692726,215.43122287163968,23.210864452956525,35.74473125755304,28.445779220779222,43.8065,191,944,"BWA",2022,16351.91,2020,5.2,"Africa",19015.7816717233,11734.8902447728,96,58,0.37662337662337664,580623305522.5768
"Belize","Country",3209,191.01049999999998,179.7545,210.1175,163,"Country",3209,186.06962956488803,162.81042284890196,213.42963558862803,14.153146972323949,23.069629564888032,17.184355828220845,28.01049999999998,1937,1072,NA,NA,NA,NA,NA,"North America",3071.56674254204,1732.06139761973,63,100,0.6134969325153374,22780240020.46648
"Gabon","Country",1557.5,212.024,198.7135,236.4215,175,"Country",1557.5,206.2314777725199,180.7180872771334,231.73492809600475,17.846558727154218,31.231477772519895,21.156571428571436,37.024,148,970,"GAB",2022,15720.901,2020,14.6,"Africa",11246.1964391244,7356.60520787156,147,28,0.16,260662992196.09213
"Nicaragua","Country",3744.5,222.48700000000002,207.142,246.0235,180,"Country",3744.5,214.11719330560712,185.76417543150217,243.4821860070304,18.95399628089285,34.11719330560712,23.60388888888889,42.48700000000002,2738,1882,"NIC",2022,5092.8413,2020,14.3,"North America",5767.10693256227,2302.08669441414,54,126,0.7,129241844223.4436
"Sudan","Country",288.5,235.423,217.78300000000002,257.949,154,"Country",288.5,219.2037803717802,185.18710462575507,253.30260218599025,42.340117124532604,65.2037803717802,52.872077922077935,81.423,21,2916,NA,NA,NA,NA,NA,"Africa",11420.9922235048,5928.16042333146,141,13,0.08441558441558442,1863052397498.1804
"Nigeria","Country",2092,237.6155,217.765,264.67499999999995,185,"Country",2092,228.19001811094597,194.4351298954458,257.2599501874001,23.345955735646463,43.19001811094597,28.440810810810802,52.6155,219,2359,"NGA",2022,5070.4927,NA,NA,"Africa",4201.39663588041,2762.3444187596,141,44,0.23783783783783785,911555842871.6525
"Nepal","Country",3494.5,239.274,219.42450000000002,275.99350000000004,190,"Country",3494.5,233.2225038469307,201.78258565436647,264.7288872621129,22.74868623522668,43.22250384693069,25.93368421052631,49.274,238,7989,"NPL",2022,3013.5178,2020,2.8,"Asia",4928.97806819827,3716.91902714673,174,16,0.08421052631578947,147194566510.71332
"Taiwan","Country",5234.5,224.977,203.565,263.0595,176,"Country",5234.5,218.02525043025338,184.10967213332708,253.73169676477306,23.877983199007602,42.02525043025338,27.827840909090916,48.977000000000004,3074,3688,"TWN",2022,53142.984,2020,51.9,"Asia",4379.4498741439,3045.55236382061,112,64,0.36363636363636365,35998425437.45644
"French Guiana","Country",1812.5,276.6495,250.885,317.903,208,"Country",1812.5,266.80904204499427,221.14475562347528,299.65626740959806,28.273577906247247,58.80904204499427,33.0045673076923,68.64949999999999,220,851,NA,NA,NA,NA,NA,NA,NA,NA,NA,NA,NA,NA
"Montenegro","Country",1437,302.3135,270.6755,349.02,205,"Country",1437,285.46869474480934,243.3247740470571,329.8665542394794,39.253021826736266,80.46869474480934,47.46999999999999,97.31349999999998,82,2307,"MNE",2022,20941.805,NA,NA,"Europe",3636.96365433703,2916.55216917827,180,25,0.12195121951219512,13666358840.78355
"Republic of Korea","Country",11801,278.7605,257.32849999999996,315.898,226,"Country",11801,271.88021858742553,241.0439863157332,300.7242181844813,20.300981675852015,45.88021858742553,23.345353982300864,52.76049999999998,9941,1820,"KOR",2022,41320.9,2020,58.3,"Asia",3604.61485686204,2895.53883167309,94,132,0.584070796460177,97153806050.47377
"Ethiopia","Country",4089,290.709,263.1065,339.05899999999997,220,"Country",4089,282.5407831275128,245.49685055578504,318.80046357619426,28.42762869432398,62.54078312751278,32.14045454545455,70.709,232,4544,"ETH",2022,2289.409,NA,NA,"Africa",7023.64026917482,4782.56076449684,201,19,0.08636363636363636,1131786629514.8174
"Finland","Country",183127,270.519,266.1335,287.57050000000004,263,"Country",183127,269.54579759344995,254.84461279553707,287.29995025192386,2.4888964233650057,6.545797593449947,2.85893536121673,7.5190000000000055,182548,1163,"FIN",2022,40701.465,2020,31.2,"Europe",5800.13821615253,4354.39884240574,27,236,0.8973384030418251,330492731489.75085
"Madagascar","Country",4955,279.2735,261.6085,304.904,226,"Country",4955,269.3661903509295,238.54150597942754,298.09271872727606,19.188579801296246,43.366190350929514,23.57234513274338,53.27350000000001,2763,2775,"MDG",2022,1367.0938,NA,NA,"Africa",3681.06910852518,2562.1238449916,117,114,0.4935064935064935,594600040576.6578
"United Kingdom","Country",567711,285.722,271.4125,325.6665,263,"Country",567711,282.59996547213603,253.54908428409507,315.9874549676732,7.452458354424341,19.599965472136034,8.639543726235743,22.72199999999998,567315,1256,"GBR",2022,38406.53,2020,31.1,"Europe",912.473885360289,379.615901593797,21,242,0.9201520912547528,239613613792.64267
"Uganda","Country",2027,322.8985,295.0195,371.24350000000004,235,"Country",2027,310.2951297517029,271.81609646601277,346.83242661373515,32.04048074540549,75.29512975170292,37.40361702127659,87.89850000000001,128,4068,"UGA",2022,2122.0278,2020,2.3,"Africa",9287.70238410533,4330.66391829926,191,44,0.18723404255319148,242555143553.83585
"Norway","Country",136944,280.29150000000004,263.8355,328.7785,251,"Country",136944,278.22549564547444,245.57203772319227,305.2939768965965,10.846811014133252,27.22549564547444,11.669920318725113,29.291500000000042,136448,2294,"NOR",2022,88366.22,2020,31.8,"Europe",268534.489415434,6534.54068012372,29,223,0.8849206349206349,384248526731.139
"Albania","Country",4322,319.2615,294.7895,356.916,249,"Country",4322,308.02725481453933,268.47323885470985,343.0185517977143,23.705724825116192,59.02725481453933,28.217469879518077,70.26150000000001,185,2466,"ALB",2022,12978.101,2020,2,"Europe",3519.02845128064,2746.510739188,217,32,0.1285140562248996,28335090782.461777
"Myanmar","Country",1674,306.9035,275.8855,355.2735,215,"Country",1674,294.3971372804698,249.57148345403175,334.76388868650804,36.92890106068363,79.39713728046979,42.74581395348838,91.90350000000001,188,5525,"MMR",2022,5177.4326,2020,13.9,"Asia",5219.39478869354,3544.44011828705,174,41,0.19069767441860466,662765696333.348
"Bosnia and Herzegovina","Country",1909.5,324.226,299.023,360.99,244,"Country",1909.5,310.2387781242185,272.72961677793614,349.95731339729474,27.147040214843663,66.23877812421853,32.87950819672132,80.226,NA,NA,NA,NA,NA,NA,NA,NA,NA,NA,NA,NA,NA,51684380151.3523
"Estonia","Country",56019,308.7545,303.92999999999995,318.3165,299,"Country",56019,306.85242408592694,293.7372175020948,320.09759904483144,2.6262287912799165,7.852424085926941,3.2623745819398087,9.754500000000007,55580,286,"EST",2022,30067.395,2020,32.5,"Europe",3040.26617399312,2344.9949651232,21,278,0.9297658862876255,45455862954.321754
"Malawi","Country",4050,324.629,298.5425,365.9695,250,"Country",4050,313.82323901236794,278.95543596833534,349.74129730085014,25.529295604947166,63.823239012367935,29.8516,74.62900000000002,285,2716,"MWI",2022,1190.0509,2020,0.2,"Africa",6629.85231632062,4509.62048631388,201,49,0.196,119794640758.97041
"Sweden","Country",354640.5,316.5715,311.64750000000004,333.0885,309,"Country",354640.5,315.5454360883434,298.54270746608574,334.0723542313822,2.118264106260015,6.545436088343422,2.450323624595474,7.5715000000000146,354186,1976,"SWE",2022,47126.13,2020,30.6,"Europe",5095.27257106311,2953.68044632868,27,282,0.912621359223301,442973918379.8925
"Denmark","Country",19172,326.146,315.767,342.9425,298,"Country",19172,320.6349567827058,299.40547582791396,341.6735750971686,7.595623081444902,22.634956782705785,9.444966442953028,28.146000000000015,17300,167,"DNK",2022,50689.68,2020,30.8,"Europe",2637.4816709771,1985.57660244642,99,199,0.6677852348993288,42417359522.01354
"Papua New Guinea","Country",3356.5,338.5285,309.69849999999997,379.95950000000005,254,"Country",3356.5,324.72603506121374,283.23209407024933,365.27931198291526,27.844895693391237,70.72603506121374,33.278937007874006,84.52850000000001,276,4335,NA,2023,2995,2020,1.4,"Oceania",36299.3149694466,26849.8417937728,219,35,0.13779527559055119,464290584007.13556
"Mozambique","Country",1188.5,319.60749999999996,290.1835,360.3775,219,"Country",1188.5,304.6400462361931,255.70277142913142,349.9300504138215,39.105043943467166,85.64004623619309,45.93949771689496,100.60749999999996,220,2273,"MOZ",2022,1087.836,2020,0.5,"Africa",6398.37696394783,4787.8540778803,143,76,0.3470319634703196,790678517369.4634
"Macedonia","Country",89,120.438,57.27,335.5,31,"Country",89,102.43820224719101,18.435258806337885,186.44114568804414,230.44581370061618,71.43820224719101,288.50967741935483,89.438,89,2531,"MKD",2022,14050.995,NA,NA,"Europe",3186.2289780299,2508.83951334244,522,31,0.05605786618444846,25364196144.943554
"Cameroon","Country",3350,358.297,324.9135,406.047,261,"Country",3350,342.64149937678553,293.80976855877606,389.41407468889577,31.28026796045422,81.64149937678553,37.27854406130269,97.29700000000003,222,3884,"CMR",2022,2812.2148,2020,4.7,"Africa",6656.82894769195,4307.5003596067,226,35,0.13409961685823754,465882999323.3698
"Zambia","Country",1423.5,325.8505,299.6775,361.4505,227,"Country",1423.5,307.1788520613436,265.1207068894838,349.10493055719337,35.32108020323508,80.1788520613436,43.54647577092512,98.85050000000001,354,1870,"ZMB",2022,3342.4214,2020,1,"Africa",9534.26423899649,6662.30123399217,98,129,0.5682819383259912,755596005100.2739
"Thailand","Country",11599.5,348.119,324.8655,385.6825,285,"Country",11599.5,338.2171721621602,305.1316451485226,369.17468647435237,18.672691986722878,53.21717216216018,22.14701754385966,63.11900000000003,9456,2531,"THA",2022,16421.072,2020,17.2,"Asia",5930.62448735581,3822.02356880891,114,171,0.6,515729896833.7528
"Angola","Country",2577.5,328.451,278.6945,403.863,188,"Country",2577.5,306.28028430221127,240.69055970855933,372.12482992656965,62.91504484160173,118.28028430221127,74.70797872340427,140.45100000000002,891,2521,"AGO",2022,6118.905,NA,NA,"Africa",9044.64630660651,6262.29478226532,87,101,0.5372340425531915,1249458490291.5686
"Honduras","Country",3519.5,353.408,312.68899999999996,410.51149999999996,231,"Country",3519.5,331.93712273689925,279.739310140175,384.1349353336236,43.69572412852782,100.93712273689925,52.99047619047619,122.40800000000002,1886,2726,"HND",2022,5186.5303,2020,3.9,"North America",7438.30347966536,4319.69699027495,93,138,0.5974025974025974,113516526181.77907
"Latvia","Country",3446,398.911,370.3735,439.634,297,"Country",3446,380.5846231504755,338.2450983581388,423.25536628186865,28.142970757735863,83.58462315047552,34.31346801346802,101.911,432,279,"LVA",2022,27220.303,2020,30.4,"Europe",2853.35921631733,2322.79412857916,209,88,0.2962962962962963,64261510345.72103
"Malaysia","Country",6052,383.1865,354.925,425.211,294,"Country",6052,369.39610024614046,324.46496591545736,414.5571178572587,25.64493205651037,75.39610024614046,30.335544217687094,89.18650000000002,2220,3917,"MYS",2022,26628.707,2020,26.5,"Asia",18069.3893754891,10191.3286950388,206,88,0.29931972789115646,327645273149.4757
"Belarus","Country",5169,401.447,380.9385,431.2655,333,"Country",5169,389.27914483224663,356.3590631812835,422.19922648320977,16.900644093767745,56.27914483224663,20.554654654654648,68.447,1398,295,"BLR",2022,18699.799,NA,NA,"Europe",2888.72588821464,2359.02415372212,192,141,0.42342342342342343,206692751109.31473
"Guyana","Country",2381.5,394.879,348.839,465.02,260,"Country",2381.5,377.7452713587011,320.2193659518324,433.76817578181635,45.28664283026964,117.74527135870107,51.87653846153848,134.87900000000002,818,2311,NA,NA,NA,NA,NA,"South America",28758.0571252072,19822.1845736147,135,125,0.4807692307692308,211947961429.33917
"Luxembourg","Country",12234.5,399.65549999999996,383.606,422.5865,353,"Country",12234.5,391.0837113836586,364.5616594706469,418.34293126774367,10.788586794237576,38.083711383658624,13.216855524079318,46.65549999999996,10653,398,"LUX",2022,55484.777,2020,31.5,"Europe",3139.16968282931,2591.08630608947,74,279,0.7903682719546742,2611927858.874699
"Libya","Country",710,398.195,377.303,423.4825,287,"Country",710,377.47583128580413,335.1087335366965,418.7436245718998,31.524679890524098,90.47583128580413,38.74390243902439,111.195,36,2221,"LBY",2022,12755.204,2020,32.4,"Africa",14852.4261159696,7474.25604384274,271,16,0.05574912891986063,1626501681376.818
"Afghanistan","Country",2416.5,410.8725,384.09749999999997,454.34749999999997,305,"Country",2416.5,395.42295761556284,347.5925317862698,439.7016322860053,29.646871349364858,90.42295761556284,34.712295081967206,105.8725,393,6348,"AFG",2022,1357.9878,2020,8,"Asia",4265.79855919803,3051.61020920693,206,99,0.32459016393442625,642044780962.8082
"Netherlands","Country",492027.5,418.8595,405.03700000000003,440.18399999999997,386,"Country",492027.5,412.41244629927627,390.5724895494677,434.79610055155854,6.842602668206288,26.41244629927627,8.512823834196892,32.859500000000025,491080,645,"NLD",2022,49669.867,2020,30.9,"Europe",3300.78065544989,2329.99119735741,56,330,0.8549222797927462,37134019766.81085
"Lithuania","Country",5598.5,441.557,412.345,483.905,334,"Country",5598.5,421.7709786891327,378.7928765161713,468.458423596026,26.27873613447087,87.77097868913268,32.20269461077845,107.55700000000002,714,287,"LTU",2022,30863.32,2020,33,"Europe",2437.6284362389,1996.70942589882,257,77,0.23053892215568864,64519663083.24771
"Philippines","Country",3373.5,415.147,363.48749999999995,502.716,247,"Country",3373.5,392.3397792905388,324.3784060927162,455.51983308775687,58.842015907100716,145.3397792905388,68.07570850202428,168.147,732,2877,"PHL",2022,8370.666,2020,29.7,"Asia",5317.79489015985,3401.16785873324,147,100,0.4048582995951417,290305462535.8765
"Pakistan","Country",5187.5,444.98749999999995,419.968,479.4995,354,"Country",5187.5,429.06558758006815,389.7672911720674,469.6779544356889,21.2049682429571,75.06558758006815,25.7026836158192,90.98749999999995,1523,8255,"PAK",2022,5531.723,2020,5.9,"Asia",22766.574625489,3767.70550981029,195,159,0.4491525423728814,873779916443.4628
"Japan","Country",28084.5,474.68399999999997,454.25800000000004,506.75350000000003,414,"Country",28084.5,464.07857455730255,431.1551764271892,495.11218502705725,12.09627404765763,50.078574557302545,14.657971014492755,60.68399999999997,25105,3684,"JPN",2022,38268.79,2020,47.2,"Asia",1752.71992125546,1068.28179418941,157,257,0.6207729468599034,370097898962.13354
"Mongolia","Country",2325,474.99249999999995,448.423,508.905,364,"Country",2325,454.0773418785524,410.9660679726413,500.0195899665459,24.746522494107804,90.07734187855237,30.492445054945037,110.99249999999995,195,3613,"MNG",2022,13442.906,2020,26.4,"Asia",11124.0686649357,6796.85626100602,318,46,0.12637362637362637,1560401068757.4067
"Benin","Country",271.5,460.57849999999996,126.4545,1103.743,47,"Country",271.5,452.8351839083192,147.0266741399008,748.171833315776,863.4791146985515,405.8351839083192,879.9542553191488,413.57849999999996,79,665,"BEN",2022,2477.0903,2020,6.1,"Africa",5797.54299572508,4299.83676914233,18,29,0.6170212765957447,116581709451.15457
"Belgium","Country",422752.5,455.163,442.46299999999997,476.288,423,"Country",422752.5,448.742994682071,424.2297519772926,471.2340583133209,6.085814345643259,25.742994682071014,7.603546099290792,32.16300000000001,422161,795,"BEL",2022,41872.395,2020,34.5,NA,2362.2549050571,1827.05030458093,31,392,0.9267139479905437,30631689224.976276
"Palestine","Country",2195.5,478.457,447.91999999999996,518.511,357,"Country",2195.5,456.9781813622445,409.3870019049961,504.02796013082707,28.005092818555898,99.97818136224453,34.02156862745098,121.457,89,1412,"PSE",2022,4775.202,NA,NA,NA,2117.13366508686,1858.22904312805,349,31,0.08157894736842106,6333389577.645685
"Guatemala","Country",9367,491.1885,461.5985,532.5215000000001,382,"Country",9367,470.46438781790596,425.4590667952671,514.4705292742939,23.158216706258106,88.46438781790596,28.58337696335078,109.18849999999998,7266,3987,"GTM",2022,7969.431,2020,0.4,"North America",3284.95000115888,1271.0407749889,111,271,0.7094240837696335,108480599610.9926
"Venezuela","Country",6053.5,493.2425,467.619,526.6245,383,"Country",6053.5,471.19459414895687,426.582328517837,514.9724297263484,23.027309177273338,88.19459414895687,28.783942558746745,110.2425,2811,4662,"VEN",2022,5267.1753,2020,14.9,"South America",48179.0653822231,10504.1852500107,166,217,0.566579634464752,914323862659.5905
"Kenya","Country",6105,507.759,481.601,543.3140000000001,402,"Country",6105,488.5457469322058,448.8536920739817,532.1413422971533,21.52879276920543,86.54574693220582,26.308208955223876,105.75900000000001,1132,4807,"KEN",2022,3403.9238,2020,8.4,"Africa",8636.55943964369,5072.55455274581,272,130,0.32338308457711445,594836246672.9291
"Liechtenstein","Country",4879.5,501.1035,475.6905,535.784,406,"Country",4879.5,484.0374533475618,446.2274980089287,523.9958232846362,19.221047622552167,78.03745334756178,23.424507389162553,95.1035,1844,1708,NA,NA,NA,NA,NA,"Europe",3356.8937518491002,3356.8937518491002,209,197,0.4852216748768473,137967736.43482196
"Kyrgyzstan","Country",7286.5,581.8985,540.3235,638.842,430,"Country",7286.5,559.3711694332421,504.58538627506584,613.4849175520285,30.08631847284702,129.37116943324213,35.32523255813953,151.8985,1566,6372,"KGZ",2022,5304.841,2020,21.7,"Asia",6820.22324463598,4864.86430478725,302,128,0.29767441860465116,198651020839.3365
"Chile","Country",75555,555.6265,540.112,578.277,502,"Country",75555,545.1429980671974,517.0209378195211,572.3718505979979,8.594222722549283,43.14299806719737,10.68256972111552,53.626499999999965,73861,6694,"CHL",2022,22740.72,2020,17.3,"South America",25367.4358202621,6207.13451248219,96,406,0.8087649402390438,737449758716.8772
"Tanzania","Country",6894,599.4935,546.0695000000001,675.337,416,"Country",6894,575.3882293215945,514.6818135833281,638.832214854545,38.314478202306375,159.3882293215945,44.10901442307693,183.49350000000004,1451,5779,"TZA",2022,3057.3286,2020,0.9,"Africa",8389.53760278585,4910.74610707901,288,128,0.3076923076923077,945786856422.5544
"Syria","Country",5648,624.0695000000001,589.717,669.783,486,"Country",5648,598.5772428422423,552.7658238092454,644.2746539506072,23.164041737086883,112.5772428422423,28.409362139917715,138.06950000000006,117,2735,"SYR",2022,2494.7612,2020,4.3,"Asia",3808.12438655796,3000.57283175056,468,18,0.037037037037037035,185971456936.9813
"Namibia","Country",8410.5,555.0365,519.34,603.4325,419,"Country",8410.5,529.8857431452082,482.0543551360138,578.4316506630403,26.464377838951837,110.88574314520815,32.46694510739858,136.03650000000005,5875,2599,"NAM",2022,7979.328,2020,1.3,"Africa",11175.9113853783,7182.239196827,134,285,0.6801909307875895,824657570638.0144
"Georgia","Country",4247,611.883,578.435,654.2305,465,"Country",4247,585.5583759185192,538.8799967826144,633.948226807453,25.92653245559553,120.55837591851923,31.587741935483884,146.88300000000004,309,4770,"GEO",2022,14360.359,NA,NA,"Asia",3810.96078913168,3129.21179070647,403,62,0.13333333333333333,69304808475.23112
"Egypt","Country",8059,625.423,589.627,669.2685,490,"Country",8059,600.1325725020937,551.6654555760745,648.2701171359697,22.476035204508914,110.1325725020937,27.637346938775508,135.423,1709,2626,"EGY",2022,13205.406,2020,15,"Africa",18543.9595584097,9989.71567294392,346,144,0.2938775510204082,1003591766413.1292
"Indonesia","Country",8646,623.325,590.8435,670.2335,482,"Country",8646,598.333929954091,549.7670871417292,647.0455368688798,24.135670114956632,116.33392995409099,29.320539419087144,141.32500000000005,2041,5011,"IDN",2022,12801.671,2020,8.1,"Asia",22787.3227213065,8979.83325012111,368,114,0.23651452282157676,1872165980690.7295
"Poland","Country",160046,618.2095,594.347,649.6949999999999,517,"Country",160046,598.1619924309043,558.0014870209266,635.3925355518879,15.698644570774523,81.16199243090432,19.57630560928434,101.20950000000005,155641,2160,"POL",2022,32468.402,2020,24.9,"Europe",3099.30431308834,2405.14444023972,247,270,0.5222437137330754,312551900560.26843
"Jordan","Country",895,632.2080000000001,594.2470000000001,678.0345,411,"Country",895,590.9895608442087,537.4170270617673,652.0899543402415,43.79308049737436,179.98956084420865,53.821897810219,221.20800000000008,42,2110,"JOR",2022,9151.479,2020,19.1,"Asia",4802.25186474753,3633.73805287768,390,21,0.051094890510948905,88860166916.04634
"Panama","Country",9131.5,631.145,593.4645,680.811,480,"Country",9131.5,604.6801602123323,551.7581764955969,658.896388665614,25.975033377569233,124.68016021233234,31.48854166666666,151.14499999999998,6126,3280,"PAN",2022,23557.02,2020,27.7,"North America",9689.41248554892,4302.61238726991,165,315,0.65625,74244971190.17268
"Zimbabwe","Country",5360.5,634.655,595.246,689.3325,475,"Country",5360.5,613.7597662515129,560.3160809871487,665.7352644844129,29.21258236873956,138.75976625151293,33.611578947368415,159.65499999999997,1758,2304,"ZWE",2022,1703.5294,2020,0.7,"Africa",4130.04751114045,3227.51322466219,195,280,0.5894736842105263,390184020012.9797
"Lebanon","Country",9992.5,719.3935,685.594,761.961,570,"Country",9992.5,690.0880633306374,643.9547954508616,734.687604602829,21.068081286076733,120.0880633306374,26.20938596491229,149.39350000000002,239,2998,"LBN",2022,10341.159,NA,NA,"Asia",1025.45232601948,535.081821212513,522,48,0.08421052631578947,10012072948.410076
"Paraguay","Country",8368.5,697.332,658.581,747.721,533,"Country",8368.5,667.6057989867046,614.7737554226549,719.9912706285738,25.254371292064647,134.6057989867046,30.83151969981237,164.332,2000,683,"PRY",2022,8762.771,2020,10.8,"South America",8317.71120022998,5705.10218535647,334,199,0.37335834896810505,400906601699.0997
"Switzerland","Country",419962,675.6234999999999,664.83,694.3115,650,"Country",419962,671.1598875011537,648.2015688375062,693.6534804521343,3.2553673078697942,21.159887501153662,3.9420769230769093,25.623499999999922,419106,3971,"CHE",2022,63323.254,2020,33,"Europe",3099.66585468757,2481.95942097317,49,601,0.9246153846153846,41207118628.529366
"Armenia","Country",4736,748.684,698.6705,814.08,536,"Country",4736,714.1473077940935,655.3481084467016,772.9465071414854,33.236438021286105,178.14730779409354,39.679850746268656,212.68399999999997,367,3399,"ARM",2022,13837.577,2020,29.5,"Asia",3400.9012760088,2828.08654714233,422,114,0.2126865671641791,29557619266.09889
"Costa Rica","Country",67927,668.9515,644.71,703.5645,588,"Country",67927,655.2440227147155,621.001787662625,690.6291867762011,11.436058284815553,67.24402271471547,13.767261904761895,80.95150000000001,65023,3680,"CRI",2022,15496.82,2020,19.5,"North America",3655.32889075348,1487.2968320743,139,449,0.7636054421768708,51512974913.504974
"Uzbekistan","Country",3357.5,765.6424999999999,726.2885,817.179,565,"Country",3357.5,729.9780017550675,671.1440343350432,786.3871446382633,29.19964632833052,164.97800175506745,35.51194690265484,200.64249999999993,113,4252,"UZB",2022,12559.401,NA,NA,"Asia",8796.64584788834,4972.5944005607,528,37,0.06548672566371681,447367449867.72723
"Czechia","Country",10099,732.0775,708.2335,761.6500000000001,609,"Country",10099,707.4823355880537,665.5482913502126,749.0376136443608,16.171155268974346,98.48233558805373,20.209770114942515,123.07749999999999,NA,NA,NA,NA,NA,NA,NA,NA,NA,NA,NA,NA,NA,78482292103.79315
"Germany","Country",248182.5,717.4784999999999,691.3295,757.3605,639,"Country",248182.5,703.1721553833111,666.9479782462399,739.4070457101817,10.04259082680925,64.17215538331106,12.281455399061025,78.47849999999994,246726,2890,"DEU",2022,46647.793,2020,30.4,"Europe",3452.26534467925,2679.36692978424,82,557,0.8716744913928013,356166925621.7106
"Ecuador","Country",15083,725.2090000000001,687.3225,773.7719999999999,566,"Country",15083,699.1493554954179,645.9281129993076,752.7519832609455,23.524621112264654,133.14935549541792,28.128798586572444,159.20900000000006,10557,6053,"ECU",2022,10124.076,2020,10.7,"South America",16837.6714624132,8662.51373125857,248,318,0.5618374558303887,255667701955.35532
"Tajikistan","Country",4250.5,786.9155000000001,740.212,844.0965,578,"Country",4250.5,749.7020602287582,685.6483066976115,809.0822163832697,29.706238793902816,171.70206022875823,36.144550173010394,208.91550000000007,43,6886,"TJK",2022,5507.5454,2020,4.7,"Asia",8140.94103414496,5810.9066585138,567,11,0.01903114186851211,142293046073.011
"Slovenia","Country",9865,807,762.217,865.023,594,"Country",9865,767.19740288699,705.2429873509897,834.0373802089196,29.157811933836687,173.19740288698995,35.858585858585855,213,424,2548,"SVN",2022,32673.762,2020,24.5,"Europe",3960.6771162052,3076.36012504685,515,79,0.132996632996633,20194325076.040253
"Serbia","Country",10309.5,787.8585,744.241,846.0575,594,"Country",10309.5,755.9000177706798,706.0036616002131,805.8104518368116,27.2558952475892,161.90001777067982,32.63611111111111,193.85850000000005,655,1985,"SRB",2022,17097.686,2020,20.6,"Europe",2840.01118848031,2302.1998556556,522,72,0.12121212121212122,77489783777.62912
"Slovakia","Country",11042,853.21,806.092,913.838,641,"Country",11042,815.146141160147,757.4454161312923,872.8468661890015,27.167884736372372,174.14614116014695,33.106084243369736,212.21000000000004,750,2302,"SVK",2022,27519.287,2020,23.4,"Europe",3209.06362318874,2554.20187848018,565,76,0.11856474258970359,48338416781.39595
"Chad","Country",88274,786.1569999999999,761.4849999999999,818.3595,679,"Country",88274,765.0820211071591,724.872244167659,805.0417340331215,12.677764522409296,86.08202110715911,15.781590574374071,107.15699999999993,87388,3171,"TCD",2022,1393.5635,NA,NA,"Africa",25429.7463288417,10386.6312012162,44,635,0.93519882179676,1271010238208.197
"Azerbaijan","Country",1772.5,844.3655,799.935,897.895,583,"Country",1772.5,798.1398891394508,739.7634101479953,857.0287913559691,36.90221083009448,215.13988913945082,44.83113207547169,261.3655,76,4215,"AZE",2022,17682.94,NA,NA,"Asia",3590.46794624498,2763.64386547063,539,44,0.07547169811320754,86403453142.72905
"Austria","Country",40924,889.808,854.0685,936.2785,735,"Country",40924,860.0397144841115,815.301347772781,909.1738516451356,17.012206052260083,125.03971448411153,21.06231292517007,154.808,37066,3426,"AUT",2022,43792.855,2020,15.9,"Europe",3758.86269596739,2926.52321861476,214,521,0.708843537414966,83911115567.32303
"Tunisia","Country",3715.5,970.958,919.049,1038.4070000000002,686,"Country",3715.5,923.0197336752896,849.7623653816275,989.7275123614144,34.55098158531917,237.01973367528956,41.53906705539359,284.95799999999997,646,1468,"TUN",2022,10913.846,2020,20.2,"Africa",9194.90030649771,5423.86281174438,520,166,0.24198250728862974,156658423143.02444
"Hungary","Country",10593,949.84,908.5355,998.2185,727,"Country",10593,907.3091729204533,847.1154434690206,967.502902371886,24.80181195604585,180.3091729204533,30.65199449793674,222.84000000000003,1293,942,"HUN",2022,29451.855,2020,23,"Europe",3270.80768360037,2608.22395862106,518,209,0.2874828060522696,92959672038.41171
"Bolivia","Country",15211.5,952.078,895.1795,1025.2345,696,"Country",15211.5,912.3225367911416,842.8374804851911,980.9997910439563,31.080824251600813,216.3225367911416,36.792816091954016,256.078,9162,6095,"BOL",2022,6481.3906,2020,29.2,"South America",10838.3233819448,7502.30077823926,327,369,0.5301724137931034,1090274492427.718
"Croatia","Country",11190.5,949.1745,906.8755,999.373,733,"Country",11190.5,907.0432154338991,848.784387142459,966.9810313614007,23.743958449372315,174.04321543389915,29.49174624829467,216.17449999999997,1391,1628,"HRV",2022,26986.752,2020,24.2,"Europe",3508.29411401567,2765.54877213338,537,196,0.2673942701227831,54418646064.961044
"Turkmenistan","Country",1148.5,967.396,919.767,1022.162,601,"Country",1148.5,897.8803058741764,819.6465740348326,976.3836495640741,49.39772144329058,296.88030587417643,60.96439267886855,366.39599999999996,41,2956,"TKM",2022,17234.555,NA,NA,"Asia",8039.00595746548,5135.28771050659,578,23,0.03826955074875208,470628850571.5388
"Romania","Country",11526,963.985,915.091,1025.7435,728,"Country",11526,923.2715541468351,858.1777499022962,985.9081638285279,26.82301567951031,195.27155414683511,32.41552197802198,235.985,729,2416,"ROU",2022,26197.904,2020,14.7,"Europe",2826.17491418304,2131.73651923984,597,131,0.17994505494505494,235768984630.15527
"Portugal","Country",15268.5,989.6095,953.5255,1032.6005,763,"Country",15268.5,945.4641883768668,890.5321770621935,998.780696079629,23.914048280061184,182.4641883768668,29.699803407601564,226.60950000000003,6483,2129,"PRT",2022,28992.059,2020,16.1,"Europe",3273.00019821319,2706.00498619739,479,284,0.3722149410222805,90759395065.51782
"India","Country",18868.5,1004.3045,960.194,1058.6735,792,"Country",18868.5,967.0046780801647,910.0439382642796,1019.4126720794533,22.096550262647053,175.0046780801647,26.80612373737372,212.30449999999996,8871,8300,"IND",2022,7765.593,2020,7.9,"Asia",3958.14322264215,2854.48985180318,544,248,0.31313131313131315,3155818262227.9194
"DRC","Country",12642,1009.7975,961.0935,1070.9270000000001,769,"Country",12642,968.0926695716822,902.8673993150344,1035.6333163333406,25.889813988515243,199.09266957168222,31.3130689206762,240.7975,1281,4792,NA,NA,NA,NA,NA,"Africa",6414.70418609446,4258.53956634133,609,160,0.20806241872561768,2334629553607.82
"Bulgaria","Country",12522,999.114,948.3309999999999,1059.904,749,"Country",12522,952.148677760548,887.5521593281169,1016.7451961929792,27.122653906615213,203.14867776054803,33.39305740987983,250.11400000000003,1264,2783,"BGR",2022,20592.455,2020,23.9,"Europe",2801.93125032439,2176.09081219401,607,142,0.18958611481975968,112421111715.95389
"Ukraine","Country",13107.5,1019.6545,986.5070000000001,1060.343,827,"Country",13107.5,981.523719949635,927.8147969475338,1039.8164275026627,18.684851263559253,154.52371994963505,23.295586457073767,192.65449999999998,4935,2130,"UKR",2022,7749.0996,2020,49,"Europe",2877.20018659936,2298.59737868456,440,387,0.46795646916565903,570153961120.7982
"Colombia","Country",37942.5,992.8715,952.6945000000001,1044.6565,814,"Country",37942.5,964.9770661958871,910.2150606190464,1019.3060218962005,18.547551129715867,150.97706619588712,21.97438574938575,178.87149999999997,30210,5528,"COL",2022,14468.964,2020,26.4,"South America",35495.7572123247,12309.637868293,419,395,0.48525798525798525,1139434982630.3489
"Kazakhstan","Country",7657,1115.577,1061.0455,1183.405,826,"Country",7657,1062.9393844762249,993.7595705961578,1132.1191983562917,28.685155505596228,236.93938447622486,35.05774818401937,289.577,242,6093,"KAZ",2022,26491.857,2020,32.8,"Asia",5328.59969606537,4028.19423778102,769,57,0.06900726392251816,2712784649160.729
"Canada","Country",141723,1105.452,1064.606,1156.7875,920,"Country",141723,1073.6849667274182,1020.9852074233531,1125.3704114547497,16.70488768776286,153.6849667274182,20.157826086956533,185.452,135499,5894,"CAN",2022,45529.645,2020,51.3,"North America",180838.467974103,126678.508517414,327,593,0.6445652173913043,9872061759422.162
"Algeria","Country",11651.5,1148.8335000000002,1089.5755,1223.2065,858,"Country",11651.5,1105.9811921569637,1027.803492087202,1182.7155749785866,28.90223684813098,247.98119215696374,33.89667832167835,290.8335000000002,376,2669,"DZA",2022,13506.444,2020,17.3,"Africa",24729.9898911588,12561.0070386647,758,100,0.11655011655011654,2322749397094.874
"France","Country",135351.5,1140.086,1104.1255,1188.5515,1003,"Country",135351.5,1116.0036288710617,1068.6990202040076,1161.9893566186693,11.266563197513623,113.00362887106166,13.667597208374872,137.086,131892,4402,"FRA",2022,39065.71,2020,31.9,"Europe",5283.23535763979,2744.25386668231,182,821,0.8185443668993021,635046803222.9731
"Peru","Country",17767.5,1184.3315,1122.6195,1263.074,859,"Country",17767.5,1129.9873975351106,1060.730103343343,1202.1914223129506,31.54684488185222,270.98739753511063,37.873282887078005,325.3315,10568,6615,"PER",2022,12762.967,2020,19.9,"South America",34784.4259307879,14526.5614111399,395,464,0.540162980209546,1296291218582.3442
"Italy","Country",23570,1218.55,1187.591,1256.0610000000001,1045,"Country",23570,1184.2424170093504,1132.5899217743347,1233.4255520195115,13.324633206636417,139.24241700935045,16.607655502392337,173.54999999999995,15187,4489,"ITA",2022,36224.293,2020,15.9,"Europe",2831.97131335769,2270.21834413079,460,585,0.5598086124401914,300287065029.1191
"Morocco","Country",15091,1289.1045,1235.4915,1354.3645000000001,987,"Country",15091,1236.168580438292,1157.5743652467193,1310.9726701371903,25.2450436107692,249.1685804382921,30.608358662613977,302.1044999999999,1944,4017,"MAR",2022,8400.127,2020,12.7,"Africa",7428.38936315834,4769.04323117286,711,276,0.2796352583586626,582422901829.3213
"Spain","Country",31449.5,1428.108,1380.813,1484.5439999999999,1167,"Country",31449.5,1379.249380160411,1315.8971822926455,1440.39461827186,18.18760755444824,212.24938016041096,22.37429305912595,261.10799999999995,21978,3475,"ESP",2022,34123.387,2020,31.3,"Europe",3490.87127707605,2838.88795903445,517,661,0.5611205432937182,506164911718.57214
"Iran","Country",21917.5,1408.6765,1351.798,1479.047,1112,"Country",21917.5,1362.9043682631568,1286.0288446943755,1439.7798918319386,22.563342469708346,250.9043682631568,26.679541366906466,296.67650000000003,6504,5456,"IRN",2022,18473.066,2020,24.4,"Asia",7729.49468591414,4600.08881039015,845,267,0.24010791366906475,1622833684979.964
"Israel","Country",15607,1448.1770000000001,1386.8290000000002,1521.1875,1064,"Country",15607,1379.8017951627567,1300.0271029741425,1458.9739071001884,29.680619846123758,315.80179516275666,36.106860902255654,384.17700000000013,2535,2864,"ISR",2022,36648.918,2020,36.5,"Asia",2367.07752810257,1862.32245843681,716,348,0.32706766917293234,22051157485.30114
"South Africa","Country",51252,1493.617,1443.7635,1555.6695,1240,"Country",51252,1448.2012774049736,1385.9220581222617,1506.781957241701,16.790425597175297,208.20127740497355,20.452983870967746,253.61699999999996,43470,3362,"ZAF",2022,11415.887,2020,5.4,"Africa",2089.60239455093,1276.33756263708,423,817,0.6588709677419354,1221683005236.1309
"Greece","Country",19360,1478.2350000000001,1433.0680000000002,1531.83,1191,"Country",19360,1425.2083593741072,1355.032404520221,1493.9870384268975,19.66484965357742,234.2083593741072,24.11712846347609,287.2350000000001,4782,2732,"GRC",2022,25283.906,2020,33,"Europe",2349.74268772118,1842.88039984922,779,412,0.3459277917716205,130164939498.08311
"Russian Federation","Country",42498,1534.652,1488.7725,1589.548,1255,"Country",42498,1480.3211837433314,1418.2476643237508,1545.7899507135667,17.953879182735566,225.3211837433314,22.283027888446227,279.65200000000004,NA,NA,NA,NA,NA,NA,NA,NA,NA,NA,NA,NA,NA,16879715918314.78
"Argentina","Country",59583,1568.2869999999998,1517.5095000000001,1629.8195,1277,"Country",59583,1515.3838180295274,1451.0043754735925,1581.887409633092,18.667487707872166,238.38381802952745,22.81025841816757,291.2869999999998,49436,6808,"ARG",2022,18292.318,2020,13.8,"South America",5922.48990178537,4236.80295191182,540,737,0.577133907595928,2782696566963.083
"China","Country",25850.5,1746.4565,1689.276,1813.783,1367,"Country",25850.5,1674.016037337858,1604.1063328047776,1743.9257418709387,22.45911026611982,307.01603733785805,27.758339429407464,379.4565,4837,8580,"CHN",2022,19238.18,2020,8.7,"Asia",19164.3758304334,6394.00438439115,1129,238,0.17410387710314557,9371236924584.92
"Australia","Country",242147,1817.71,1774.9895000000001,1871.0610000000001,1615,"Country",242147,1784.5941041406916,1727.7755116279857,1839.3845615530126,10.501182918928276,169.59410414069157,12.551702786377717,202.71000000000004,236128,2187,"AUS",2022,52049.43,2020,30.2,"Oceania",13706.8333604128,5992.04024243186,328,1287,0.7969040247678019,7706039709886.315
"Turkey","Country",28620,2353.6865,2284.2355,2433.6220000000003,1824,"Country",28620,2255.0453882981055,2174.7114503143757,2335.3793262818353,23.63187435844878,431.04538829810554,29.039830043859638,529.6864999999998,4200,4980,"TUR",2022,27361.988,2020,10.8,"Asia",3398.70569503827,2799.49599501253,1314,510,0.27960526315789475,779822048888.1051
"Brazil","Country",177670.5,2496.9955,2437.3050000000003,2566.4415,2072,"Country",177670.5,2414.430236142066,2334.630137402196,2495.3753536271734,16.526555798362264,342.43023614206595,20.511365830115835,424.9955,161210,2670,"BRA",2022,14640.076,2020,11.2,"South America",52909.6869719847,11460.1897767384,1073,1207,0.5293859649122807,8499395335573.702
"Mexico","Country",283740,2637.0815000000002,2582.242,2701.401,2265,"Country",283740,2569.66645339586,2487.5560148303493,2641.0368391839165,13.451057545071077,304.6664533958601,16.427439293598244,372.08150000000023,274063,5425,"MEX",2022,16235.455,2020,22.9,"North America",5478.59510479465,3693.08804173741,510,1755,0.7748344370860927,1962276615871.462
"USA","Country",2253791.5,4132.3285,4060.9515,4217.940500000001,3703,"Country",2253791.5,4059.437504193428,3974.264743448969,4142.188484728824,9.625641485104719,356.43750419342814,11.594072373751008,429.3284999999996,2245931,6184,"USA",2022,58487.465,2020,60.9,"North America",20560.7430605483,6264.95106239998,416,3287,0.8876586551444775,9439419735692.014
