"n_occ_spCou","count"
1,226.00000000000003
22,8.444839857651246
33,3.6192170818505343
2,121.44483985765126
55,2.2117437722419933
298,0.201067615658363
40,2.6809015421115068
3,68.96619217081852
11,12.533214709371293
7,23.927046263345197
13,11.326809015421116
10,14.543890865954925
15,8.981020166073547
9,15.616251482799527
5,31.90272835112693
6,28.015421115065244
37,2.6809015421115068
25,5.428825622775801
24,6.635231316725979
4,44.368920521945434
2659,0.06702253855278767
21,7.171411625148281
81,1.2734282325029658
112,0.804270462633452
8,19.101423487544487
133,0.33511269276393835
653,0.06702253855278767
30,5.76393831553974
1107,0.13404507710557534
149,0.402135231316726
41,3.016014234875445
17,6.702253855278767
32,3.8202846975088973
928,0.201067615658363
684,0.06702253855278767
597,0.33511269276393835
4120,0.06702253855278767
115,0.603202846975089
2791,0.06702253855278767
51,2.613879003558719
26,4.155397390272835
12,14.744958481613287
14,10.120403321470938
288,0.13404507710557534
311,0.13404507710557534
65,1.4744958481613288
99,1.0723606168446027
36,3.016014234875445
101,1.0723606168446027
108,0.804270462633452
185,0.33511269276393835
79,0.7372479240806644
16,6.635231316725979
124,0.6702253855278767
57,1.3404507710557534
226,0.402135231316726
29,3.8202846975088973
153,0.2680901542111507
482,0.13404507710557534
456,0.06702253855278767
382,0.06702253855278767
67,0.804270462633452
75,1.005338078291815
441,0.201067615658363
27,4.959667852906287
91,0.8712930011862396
96,1.5415183867141165
84,0.9383155397390274
94,1.1393831553973903
60,1.5415183867141165
147,0.8712930011862396
45,2.6809015421115068
66,1.0723606168446027
35,3.6862396204033216
80,0.9383155397390274
42,2.412811387900356
496,0.13404507710557534
31,4.4234875444839865
425,0.06702253855278767
23,5.227758007117438
413,0.06702253855278767
48,1.7425860023724793
431,0.06702253855278767
54,1.9436536180308424
68,1.7425860023724793
28,4.088374851720048
59,1.8766310794780547
64,1.2734282325029658
20,10.589561091340451
250,0.2680901542111507
144,0.603202846975089
56,1.8766310794780547
92,0.804270462633452
219,0.201067615658363
18,7.104389086595493
239,0.5361803084223014
88,0.8712930011862396
73,1.206405693950178
19,7.171411625148281
38,2.3457888493475685
39,2.814946619217082
83,1.2734282325029658
139,0.402135231316726
218,0.402135231316726
43,2.814946619217082
261,0.06702253855278767
130,0.6702253855278767
137,0.7372479240806644
85,1.206405693950178
201,0.2680901542111507
946,0.13404507710557534
1190,0.06702253855278767
146,0.7372479240806644
717,0.13404507710557534
290,0.201067615658363
339,0.06702253855278767
447,0.2680901542111507
148,0.402135231316726
100,0.804270462633452
225,0.2680901542111507
522,0.06702253855278767
729,0.06702253855278767
422,0.2680901542111507
236,0.201067615658363
326,0.06702253855278767
62,1.206405693950178
169,0.2680901542111507
157,0.402135231316726
268,0.33511269276393835
82,1.005338078291815
387,0.13404507710557534
164,0.402135231316726
973,0.06702253855278767
171,0.5361803084223014
2565,0.06702253855278767
342,0.2680901542111507
76,0.7372479240806644
125,0.5361803084223014
674,0.06702253855278767
524,0.13404507710557534
72,1.608540925266904
166,0.5361803084223014
232,0.33511269276393835
284,0.201067615658363
181,0.402135231316726
129,0.7372479240806644
12724,0.06702253855278767
44,2.2117437722419933
362,0.06702253855278767
611,0.06702253855278767
102,1.1393831553973903
103,0.7372479240806644
3984,0.06702253855278767
1136,0.06702253855278767
155,0.402135231316726
104,0.9383155397390274
223,0.5361803084223014
34,2.9489916963226577
188,0.201067615658363
365,0.06702253855278767
52,1.8766310794780547
114,0.8712930011862396
192,0.33511269276393835
143,0.402135231316726
380,0.06702253855278767
190,0.402135231316726
113,0.402135231316726
676,0.06702253855278767
595,0.13404507710557534
154,0.5361803084223014
329,0.13404507710557534
1785,0.06702253855278767
47,1.3404507710557534
2632,0.06702253855278767
63,1.2734282325029658
1193,0.06702253855278767
118,0.603202846975089
258,0.201067615658363
460,0.06702253855278767
281,0.2680901542111507
193,0.33511269276393835
86,1.005338078291815
227,0.402135231316726
195,0.2680901542111507
116,0.5361803084223014
111,0.4691577698695137
1349,0.06702253855278767
267,0.201067615658363
46,2.7479240806642946
58,1.608540925266904
230,0.201067615658363
126,0.6702253855278767
175,0.33511269276393835
159,0.33511269276393835
523,0.13404507710557534
97,0.8712930011862396
874,0.06702253855278767
662,0.06702253855278767
186,0.402135231316726
74,1.005338078291815
615,0.06702253855278767
1492,0.13404507710557534
69,0.9383155397390274
213,0.2680901542111507
208,0.2680901542111507
772,0.13404507710557534
2059,0.06702253855278767
173,0.33511269276393835
669,0.06702253855278767
440,0.201067615658363
287,0.13404507710557534
172,0.2680901542111507
254,0.2680901542111507
156,0.33511269276393835
1186,0.06702253855278767
174,0.5361803084223014
70,0.9383155397390274
233,0.13404507710557534
275,0.33511269276393835
121,0.33511269276393835
78,1.4744958481613288
1293,0.06702253855278767
3172,0.06702253855278767
49,2.2787663107947806
50,1.4744958481613288
2338,0.06702253855278767
206,0.33511269276393835
106,0.804270462633452
241,0.402135231316726
244,0.13404507710557534
53,1.407473309608541
308,0.06702253855278767
269,0.201067615658363
631,0.201067615658363
366,0.06702253855278767
176,0.33511269276393835
199,0.33511269276393835
847,0.06702253855278767
198,0.2680901542111507
138,0.603202846975089
134,0.33511269276393835
670,0.13404507710557534
229,0.2680901542111507
263,0.402135231316726
110,0.402135231316726
191,0.402135231316726
205,0.2680901542111507
722,0.06702253855278767
491,0.13404507710557534
344,0.201067615658363
1093,0.06702253855278767
390,0.2680901542111507
562,0.13404507710557534
158,0.402135231316726
2434,0.06702253855278767
200,0.33511269276393835
1111,0.06702253855278767
587,0.06702253855278767
123,0.5361803084223014
89,0.8712930011862396
468,0.06702253855278767
207,0.33511269276393835
117,0.603202846975089
167,0.2680901542111507
93,0.804270462633452
381,0.13404507710557534
255,0.13404507710557534
327,0.13404507710557534
1387,0.06702253855278767
163,0.13404507710557534
730,0.06702253855278767
872,0.06702253855278767
283,0.06702253855278767
5842,0.06702253855278767
3073,0.13404507710557534
357,0.13404507710557534
1148,0.06702253855278767
331,0.33511269276393835
533,0.13404507710557534
272,0.402135231316726
61,1.608540925266904
197,0.402135231316726
304,0.201067615658363
552,0.13404507710557534
770,0.06702253855278767
1052,0.06702253855278767
340,0.06702253855278767
400,0.13404507710557534
490,0.06702253855278767
107,0.33511269276393835
122,0.6702253855278767
71,1.206405693950178
454,0.06702253855278767
136,0.13404507710557534
105,0.5361803084223014
179,0.402135231316726
119,0.4691577698695137
925,0.06702253855278767
150,0.33511269276393835
177,0.201067615658363
590,0.13404507710557534
95,0.9383155397390274
237,0.06702253855278767
270,0.13404507710557534
251,0.13404507710557534
685,0.06702253855278767
196,0.33511269276393835
247,0.201067615658363
356,0.13404507710557534
479,0.06702253855278767
187,0.33511269276393835
162,0.402135231316726
982,0.06702253855278767
222,0.13404507710557534
315,0.402135231316726
132,0.603202846975089
286,0.4691577698695137
210,0.201067615658363
608,0.2680901542111507
292,0.2680901542111507
7383,0.06702253855278767
1157,0.06702253855278767
2653,0.06702253855278767
33427,0.06702253855278767
776,0.06702253855278767
486,0.13404507710557534
355,0.201067615658363
450,0.06702253855278767
235,0.201067615658363
161,0.13404507710557534
605,0.06702253855278767
426,0.13404507710557534
231,0.13404507710557534
408,0.06702253855278767
2583,0.06702253855278767
5870,0.06702253855278767
319,0.2680901542111507
607,0.13404507710557534
128,0.402135231316726
180,0.201067615658363
242,0.201067615658363
87,0.402135231316726
2177,0.06702253855278767
2831,0.06702253855278767
1287,0.06702253855278767
779,0.06702253855278767
1499,0.06702253855278767
574,0.06702253855278767
394,0.201067615658363
618,0.06702253855278767
985,0.13404507710557534
881,0.06702253855278767
1865,0.06702253855278767
430,0.06702253855278767
333,0.201067615658363
5335,0.06702253855278767
3440,0.06702253855278767
724,0.06702253855278767
488,0.06702253855278767
1133,0.06702253855278767
1848,0.06702253855278767
738,0.13404507710557534
3580,0.06702253855278767
1794,0.06702253855278767
939,0.06702253855278767
894,0.06702253855278767
826,0.06702253855278767
876,0.06702253855278767
2440,0.06702253855278767
885,0.06702253855278767
473,0.201067615658363
1479,0.06702253855278767
2279,0.06702253855278767
1619,0.06702253855278767
1624,0.06702253855278767
4291,0.06702253855278767
578,0.201067615658363
768,0.06702253855278767
2415,0.06702253855278767
568,0.13404507710557534
540,0.06702253855278767
710,0.06702253855278767
596,0.06702253855278767
4815,0.06702253855278767
160,0.33511269276393835
127,0.4691577698695137
2996,0.06702253855278767
8267,0.06702253855278767
3606,0.06702253855278767
32246,0.06702253855278767
1099,0.06702253855278767
1486,0.06702253855278767
7796,0.06702253855278767
245,0.2680901542111507
1316,0.06702253855278767
2577,0.06702253855278767
799,0.06702253855278767
21809,0.06702253855278767
512,0.06702253855278767
23858,0.06702253855278767
1636,0.06702253855278767
2739,0.06702253855278767
564,0.06702253855278767
4276,0.06702253855278767
1673,0.06702253855278767
2127,0.06702253855278767
2640,0.06702253855278767
360,0.06702253855278767
2961,0.06702253855278767
215,0.13404507710557534
1521,0.06702253855278767
152,0.402135231316726
2284,0.06702253855278767
1672,0.06702253855278767
661,0.13404507710557534
1862,0.13404507710557534
2610,0.06702253855278767
1343,0.06702253855278767
784,0.06702253855278767
3176,0.06702253855278767
15635,0.06702253855278767
1086,0.06702253855278767
2217,0.06702253855278767
6585,0.06702253855278767
1433,0.06702253855278767
2176,0.06702253855278767
142,0.33511269276393835
5664,0.06702253855278767
470,0.06702253855278767
780,0.06702253855278767
2226,0.06702253855278767
972,0.06702253855278767
77,0.5361803084223014
2027,0.06702253855278767
1379,0.06702253855278767
796,0.06702253855278767
2546,0.06702253855278767
4380,0.06702253855278767
464,0.06702253855278767
202,0.201067615658363
183,0.201067615658363
375,0.201067615658363
2354,0.06702253855278767
630,0.06702253855278767
10776,0.06702253855278767
336,0.06702253855278767
140,0.33511269276393835
733,0.201067615658363
6282,0.06702253855278767
3806,0.06702253855278767
5855,0.06702253855278767
4452,0.06702253855278767
7182,0.06702253855278767
5024,0.06702253855278767
353,0.13404507710557534
204,0.4691577698695137
90,0.7372479240806644
1311,0.06702253855278767
6203,0.06702253855278767
1096,0.06702253855278767
3412,0.06702253855278767
10008,0.06702253855278767
556,0.13404507710557534
1034,0.06702253855278767
214,0.201067615658363
303,0.201067615658363
243,0.402135231316726
526,0.13404507710557534
131,0.402135231316726
135,0.4691577698695137
234,0.2680901542111507
882,0.06702253855278767
1125,0.06702253855278767
170,0.2680901542111507
182,0.402135231316726
385,0.13404507710557534
238,0.2680901542111507
990,0.06702253855278767
388,0.13404507710557534
418,0.13404507710557534
168,0.201067615658363
373,0.201067615658363
316,0.13404507710557534
361,0.201067615658363
109,0.33511269276393835
209,0.201067615658363
1050,0.06702253855278767
589,0.06702253855278767
151,0.5361803084223014
1680,0.06702253855278767
970,0.06702253855278767
4171,0.06702253855278767
4067,0.06702253855278767
256,0.13404507710557534
692,0.13404507710557534
384,0.13404507710557534
260,0.06702253855278767
276,0.06702253855278767
918,0.06702253855278767
428,0.06702253855278767
519,0.06702253855278767
617,0.06702253855278767
378,0.13404507710557534
369,0.06702253855278767
120,0.4691577698695137
302,0.13404507710557534
299,0.06702253855278767
1212,0.06702253855278767
671,0.06702253855278767
572,0.06702253855278767
462,0.06702253855278767
1165,0.06702253855278767
6233,0.06702253855278767
500,0.06702253855278767
248,0.13404507710557534
325,0.201067615658363
635,0.06702253855278767
253,0.13404507710557534
417,0.201067615658363
1541,0.06702253855278767
844,0.13404507710557534
307,0.06702253855278767
1074,0.06702253855278767
273,0.201067615658363
755,0.06702253855278767
2335,0.06702253855278767
515,0.06702253855278767
334,0.06702253855278767
259,0.13404507710557534
403,0.13404507710557534
145,0.402135231316726
2510,0.06702253855278767
1011,0.06702253855278767
291,0.201067615658363
212,0.201067615658363
1872,0.06702253855278767
609,0.06702253855278767
459,0.13404507710557534
220,0.2680901542111507
1389,0.13404507710557534
1695,0.06702253855278767
535,0.06702253855278767
427,0.06702253855278767
920,0.06702253855278767
1100,0.06702253855278767
1939,0.06702253855278767
1897,0.06702253855278767
438,0.13404507710557534
257,0.13404507710557534
465,0.201067615658363
347,0.13404507710557534
915,0.06702253855278767
1402,0.06702253855278767
2779,0.06702253855278767
667,0.06702253855278767
563,0.06702253855278767
6451,0.06702253855278767
2592,0.06702253855278767
1007,0.06702253855278767
9015,0.06702253855278767
1772,0.06702253855278767
1761,0.06702253855278767
495,0.06702253855278767
194,0.2680901542111507
439,0.06702253855278767
189,0.33511269276393835
221,0.201067615658363
279,0.13404507710557534
652,0.06702253855278767
217,0.06702253855278767
2115,0.06702253855278767
265,0.13404507710557534
691,0.06702253855278767
343,0.13404507710557534
240,0.402135231316726
1016,0.06702253855278767
862,0.13404507710557534
463,0.06702253855278767
616,0.06702253855278767
1678,0.06702253855278767
1322,0.06702253855278767
165,0.2680901542111507
383,0.201067615658363
458,0.13404507710557534
701,0.06702253855278767
28907,0.06702253855278767
1944,0.06702253855278767
554,0.13404507710557534
1215,0.06702253855278767
557,0.06702253855278767
5936,0.06702253855278767
98,0.804270462633452
1271,0.06702253855278767
606,0.06702253855278767
657,0.06702253855278767
228,0.201067615658363
853,0.06702253855278767
2079,0.06702253855278767
435,0.06702253855278767
2450,0.06702253855278767
514,0.06702253855278767
948,0.06702253855278767
714,0.06702253855278767
1471,0.06702253855278767
1149,0.06702253855278767
436,0.13404507710557534
1789,0.06702253855278767
5507,0.06702253855278767
294,0.2680901542111507
444,0.13404507710557534
246,0.06702253855278767
1689,0.06702253855278767
2874,0.06702253855278767
644,0.06702253855278767
389,0.13404507710557534
472,0.06702253855278767
412,0.06702253855278767
1450,0.06702253855278767
2777,0.06702253855278767
530,0.06702253855278767
296,0.13404507710557534
3604,0.06702253855278767
141,0.201067615658363
1652,0.06702253855278767
798,0.06702253855278767
300,0.06702253855278767
648,0.06702253855278767
695,0.06702253855278767
1561,0.06702253855278767
794,0.06702253855278767
603,0.06702253855278767
2394,0.06702253855278767
580,0.06702253855278767
2544,0.06702253855278767
1196,0.06702253855278767
376,0.13404507710557534
1312,0.06702253855278767
466,0.13404507710557534
626,0.13404507710557534
1351,0.13404507710557534
1009,0.06702253855278767
475,0.06702253855278767
1236,0.06702253855278767
354,0.13404507710557534
828,0.06702253855278767
718,0.06702253855278767
301,0.13404507710557534
184,0.13404507710557534
1139,0.06702253855278767
323,0.13404507710557534
2574,0.06702253855278767
764,0.06702253855278767
3728,0.06702253855278767
429,0.06702253855278767
402,0.13404507710557534
1700,0.06702253855278767
203,0.13404507710557534
517,0.06702253855278767
224,0.201067615658363
437,0.06702253855278767
330,0.13404507710557534
397,0.06702253855278767
262,0.06702253855278767
178,0.06702253855278767
753,0.06702253855278767
7709,0.06702253855278767
711,0.06702253855278767
665,0.06702253855278767
686,0.13404507710557534
289,0.13404507710557534
280,0.06702253855278767
282,0.201067615658363
211,0.2680901542111507
278,0.06702253855278767
1518,0.06702253855278767
586,0.06702253855278767
1430,0.06702253855278767
363,0.13404507710557534
551,0.06702253855278767
453,0.06702253855278767
758,0.06702253855278767
1046,0.06702253855278767
1059,0.06702253855278767
1214,0.06702253855278767
1537,0.06702253855278767
1235,0.06702253855278767
645,0.13404507710557534
455,0.06702253855278767
407,0.06702253855278767
446,0.06702253855278767
573,0.06702253855278767
424,0.06702253855278767
1079,0.06702253855278767
1226,0.06702253855278767
975,0.06702253855278767
346,0.06702253855278767
625,0.06702253855278767
801,0.06702253855278767
6435,0.06702253855278767
1451,0.06702253855278767
591,0.06702253855278767
534,0.13404507710557534
797,0.06702253855278767
1984,0.06702253855278767
528,0.13404507710557534
352,0.06702253855278767
687,0.06702253855278767
1085,0.06702253855278767
716,0.06702253855278767
1188,0.06702253855278767
314,0.13404507710557534
372,0.06702253855278767
322,0.201067615658363
1244,0.06702253855278767
335,0.06702253855278767
423,0.13404507710557534
249,0.06702253855278767
324,0.13404507710557534
581,0.06702253855278767
651,0.06702253855278767
8422,0.06702253855278767
2152,0.06702253855278767
878,0.06702253855278767
4402,0.06702253855278767
809,0.06702253855278767
1873,0.06702253855278767
632,0.06702253855278767
345,0.201067615658363
419,0.13404507710557534
432,0.06702253855278767
359,0.06702253855278767
266,0.06702253855278767
1484,0.06702253855278767
404,0.2680901542111507
305,0.06702253855278767
866,0.06702253855278767
377,0.13404507710557534
484,0.06702253855278767
399,0.06702253855278767
285,0.13404507710557534
759,0.06702253855278767
318,0.06702253855278767
395,0.06702253855278767
706,0.13404507710557534
367,0.06702253855278767
374,0.06702253855278767
306,0.06702253855278767
543,0.06702253855278767
678,0.06702253855278767
856,0.06702253855278767
338,0.06702253855278767
752,0.06702253855278767
216,0.06702253855278767
480,0.06702253855278767
1581,0.06702253855278767
841,0.06702253855278767
1248,0.06702253855278767
750,0.06702253855278767
537,0.06702253855278767
2278,0.06702253855278767
577,0.06702253855278767
469,0.06702253855278767
968,0.06702253855278767
762,0.06702253855278767
448,0.06702253855278767
351,0.06702253855278767
295,0.06702253855278767
1199,0.06702253855278767
2448,0.06702253855278767
883,0.06702253855278767
416,0.06702253855278767
467,0.06702253855278767
313,0.06702253855278767
271,0.06702253855278767
739,0.06702253855278767
370,0.06702253855278767
643,0.06702253855278767
1234,0.06702253855278767
1231,0.06702253855278767
501,0.13404507710557534
823,0.06702253855278767
1793,0.06702253855278767
538,0.06702253855278767
499,0.06702253855278767
2286,0.06702253855278767
1735,0.06702253855278767
481,0.06702253855278767
567,0.06702253855278767
884,0.06702253855278767
827,0.06702253855278767
492,0.06702253855278767
391,0.06702253855278767
264,0.06702253855278767
415,0.06702253855278767
549,0.06702253855278767
401,0.06702253855278767
888,0.06702253855278767
393,0.06702253855278767
7474,0.06702253855278767
